range_key,tick_lower,tick_upper,appearances,rank1_count,min_rank,avg_rank,min_block,max_block,avg_active_liquidity_share,avg_zero_for_one_lsis_bps,avg_one_for_zero_lsis_bps,avg_total_lsis_bps,avg_max_directional_lsis_bps,max_total_lsis_bps,max_directional_lsis_bps
-205010:-190760,-205010,-190760,30,0,2,4.6333333333333333,25254961,25544961,0.0255644928840603,23.2305854308619955,5.84293647546846,29.0735219063304555,24.6042748172379295,657.8190098568047803,605.709476309385069
-205670:-192890,-205670,-192890,30,0,3,9.2666666666666667,25254961,25544961,0.0113107851916523,10.4988510767751647,2.5050071127539013,13.003858189529066,11.0716335217849751,297.5325490865313319,275.4151830789703848
-203190:-199170,-203190,-199170,30,0,4,7.5333333333333333,25254961,25544961,0.0129464300213942,3.6931330683107723,2.8773816515396979,6.5705147198504702,4.3530971474206472,91.9261418181292952,66.4912797248961448
-203180:-200820,-203180,-200820,29,29,1,1,25264961,25544961,0.6881014514511903,620.5769223572340841,327.3723140194630377,947.9492363766971219,641.2136289822389948,2293.2848807127488398,1793.7235081423200965
-205670:-196950,-205670,-196950,29,0,4,10.3103448275862069,25254961,25544961,0.0092905172634432,8.3921631525853035,2.0683884859133463,10.4605516384986498,8.8682249940298566,229.9574723357158639,212.0940480643201425
-203070:-201050,-203070,-201050,28,0,5,8.8214285714285714,25254961,25524961,0.0124561737455666,3.2210696576641698,2.1823224933167786,5.4033921509809483,3.2657795116239844,74.8503787627734201,51.3984554149331613
-203210:-197150,-203210,-197150,28,0,8,11.1071428571428571,25254961,25544961,0.0092528826363793,2.735156223339839,2.0799772557590617,4.8151334790989007,3.2183700319450699,64.764157277154774,47.1756155243279945
-203190:-197130,-203190,-197130,27,0,11,15.5925925925925926,25254961,25544961,0.0045807972882488,1.331344424090503,0.9414647491597986,2.2728091732503016,1.4823990637199246,30.5216763347354835,22.0267963156854008
-203520:-200040,-203520,-200040,26,0,3,3.6153846153846154,25294961,25544961,0.028871330653203,4.4419941159311934,5.9632524985248411,10.4052466144560345,6.4400672342082377,26.4699636927006878,22.3146630369944885
-203300:-199920,-203300,-199920,23,0,14,17.9130434782608696,25294961,25544961,0.0025628563181501,0.3810868193303699,0.4657232827805622,0.8468101021109321,0.5004601762837492,2.3186355649214147,1.9653189719649784
-203840:-193690,-203840,-193690,22,0,2,2.3636363636363636,25334961,25544961,0.0802503353034781,15.0476219544866864,20.0369153551387365,35.0845373096254228,23.5957050016684248,107.2327253714190775,97.309012312226372
-203050:-201420,-203050,-201420,20,0,12,18.3,25254961,25494961,0.0031361912408697,0.8758610518074059,0.5373482289278568,1.4132092807352627,0.8780637926669585,16.0119422812677317,11.0194061999771498
-203530:-192890,-203530,-192890,15,0,5,6.1333333333333333,25384961,25524961,0.0119673900697903,1.88560539449912,1.6970847930116585,3.5826901875107784,1.9823442270742871,4.9761040128655814,3.3823486580130763
-205050:-192620,-205050,-192620,13,0,11,17,25254961,25504961,0.0034830901358993,3.7229096195938878,0.7462250008610319,4.4691346204549197,3.7881518553878373,49.0378944744688342,43.943227517773664
-201940:-198000,-201940,-198000,13,0,13,14.7692307692307692,25324961,25544961,0.0046151381413938,0.552972897886821,1.0421490564325934,1.5951219543194144,1.0421490564325934,4.5925011322757796,3.9476511969414683
-202170:-195270,-202170,-195270,10,0,7,10.4,25274961,25384961,0.0089060522424265,0.9009903143471314,1.5462225872699258,2.4472129016170572,1.5486992707568812,5.8589274811995139,4.4687675262295607
-202370:-199390,-202370,-199390,10,0,12,13.5,25294961,25384961,0.0056333614796475,0.7028523220617108,0.9707030872921111,1.6735554093538219,0.9817206782254048,3.6748686780692122,2.7922522761264845
-202140:-200580,-202140,-200580,9,0,18,19.2222222222222222,25274961,25544961,0.002261633204269,0.2111800607076647,0.4647659056248975,0.6759459663325622,0.4647659056248975,1.2835635593411706,0.9789817647200168
-202540:-200830,-202540,-200830,8,0,6,9.5,25464961,25534961,0.0114654209199475,1.5435237391272138,1.855721490243158,3.3992452293703718,1.855721490243158,3.8457883387538432,2.5879964126612862
-887270:887270,-887270,887270,7,0,5,15.4285714285714286,25254961,25414961,0.0041506345642399,25.930777223852712,0.9068769480470629,26.8376541718997749,25.930777223852712,183.7986250295744823,179.165248644697323
-203120:-201100,-203120,-201100,7,0,10,13,25254961,25314961,0.0087446322007294,3.8285789937343394,1.9277209542773693,5.7562999480117086,3.8368027875103843,32.3264004509951768,22.782912192257588
-202110:-200230,-202110,-200230,6,0,5,6.6666666666666667,25324961,25374961,0.010697451909152,1.3847545611411898,2.0590722642719143,3.443826825413104,2.0590722642719143,7.0740852212588008,5.3375742959370578
-204150:-201460,-204150,-201460,6,0,12,15.8333333333333333,25434961,25494961,0.0045469422428737,0.6637506787759209,0.4786385824090459,1.1423892611849668,0.667797902333785,1.4518432422544846,0.7915778817237973
-202880:-200860,-202880,-200860,6,0,14,15.6666666666666667,25454961,25504961,0.003814393319984,0.5331833389970591,0.5871017399437893,1.1202850789408484,0.5871017399437893,1.1607868843258372,0.6379858545130994
-202920:-201590,-202920,-201590,6,0,16,17.5,25394961,25444961,0.0027155216417266,0.3831636931283189,0.3527834836690307,0.7359471767973496,0.3898505166190922,0.7908834551731301,0.4210373314474275
-202000:-200560,-202000,-200560,5,0,2,2,25334961,25374961,0.1030708086567338,12.0922290381852085,15.2749128852946291,27.3671419234798375,15.2749128852946291,29.3868113704203741,15.9066747040948274
-203010:-201330,-203010,-201330,5,0,4,5,25274961,25314961,0.014286547951456,2.1201115359495952,2.1171254700549366,4.2372370060045318,2.1580680983289274,4.6078105325469557,2.3502658637049913
-203510:-200520,-203510,-200520,5,0,10,11.4,25414961,25454961,0.0070810519233296,1.2022992881464947,0.9762993648581615,2.1785986530046562,1.2232437636108747,2.7883278553635712,1.8829934658791325
-202820:-201360,-202820,-201360,5,0,11,11.8,25274961,25314961,0.0059730767010545,0.8693059201473955,0.8777876685053224,1.7470935886527179,0.8854098778641957,1.9099048132595973,0.9740079300269818
-203930:-201920,-203930,-201920,5,0,12,13.8,25404961,25444961,0.0039636938465549,0.7523610768958585,0.4966355140610548,1.2489965909569132,0.7523610768958585,1.5542216579604951,1.052751231921997
-202240:-200570,-202240,-200570,5,0,14,14.8,25334961,25374961,0.0045657684991,0.6080553958404775,0.6083556864068302,1.2164110822473077,0.6170260727916139,1.2849336617184264,0.6521605211060295
-202820:-197310,-202820,-197310,5,0,14,14.8,25434961,25474961,0.0040651573432671,0.5395640478298485,0.6095312322856521,1.1490952801155006,0.6095312322856521,1.2408797891181998,0.6713884078905278
-202980:-200960,-202980,-200960,5,0,13,15.6,25354961,25394961,0.0035493297702206,0.497411420685576,0.4606378612683323,0.9580492819539083,0.4977941323873003,1.0328245764472438,0.5418093287280292
-207760:-187780,-207760,-187780,4,0,9,15,25254961,25284961,0.0051002459215894,14.5359233406045091,1.2410394167339422,15.7769627573384512,14.5359233406045091,61.3023289597452582,57.2149450538973785
-201850:-200640,-201850,-200640,4,0,7,7.75,25514961,25544961,0.0187273646586506,2.3641897342615398,5.3319188728115434,7.6961086070730832,5.3319188728115434,10.9305392218002639,8.6036915790175499
-203890:-195210,-203890,-195210,4,0,15,17.5,25254961,25284961,0.0045115367364945,4.7691727359737532,1.0971223258538657,5.8662950618276189,4.7691727359737532,21.8684254331424285,18.2553377409025303
-203470:-200620,-203470,-200620,4,0,6,6.5,25444961,25474961,0.0111600668065535,1.5725629552821453,1.7118584254614315,3.2844213807435768,1.7118584254614315,3.4645907087635875,1.8846888388933987
-201860:-201340,-201860,-201340,4,0,14,15.25,25474961,25504961,0.0055954131090005,0.6702629948966781,0.4978283034303853,1.1680912983270634,0.7416836281879852,1.4279756644716182,0.7956029558189277
-202870:-201590,-202870,-201590,4,0,14,14.75,25414961,25444961,0.0040195333844277,0.5175209180740366,0.5405200679498653,1.0580409860239019,0.5464787289299311,1.1547315332777441,0.5880063178355406
-202810:-201110,-202810,-201110,3,0,2,2,25304961,25324961,0.1007599980241332,15.8966015645710172,16.3712155194541509,32.2678170840251682,16.3712155194541509,32.8038754996034925,16.632905092823374
-202590:-201150,-202590,-201150,3,0,2,2,25384961,25424961,0.1081651016999151,13.8725772463045858,15.2510266799175101,29.123603926222096,15.3077977562173585,31.235795539857515,16.025074908749998
-202830:-200380,-202830,-200380,3,0,2,2,25274961,25294961,0.0736833141791985,11.6866478579876012,11.6799504204058009,23.3665982783934021,11.8572695726331698,24.8780192193670052,12.704988338024556
-209960:-196090,-209960,-196090,3,0,10,15.6666666666666667,25254961,25274961,0.0042599993841185,15.7556482667502172,1.0760523232437065,16.8317005899939238,15.7556482667502172,49.6430392528953158,46.827832519862174
-202010:-200700,-202010,-200700,3,0,3,4.3333333333333333,25514961,25534961,0.0266489877255227,3.3071124561830296,6.0546098118484333,9.361722268031463,6.0546098118484333,14.4734374648049533,11.1391553700715976
-202040:-200720,-202040,-200720,3,0,6,6.3333333333333333,25514961,25534961,0.0221845534583296,2.7416888075676145,4.8498705017468722,7.5915593093144867,4.8498705017468722,11.4927615168251295,8.729454769817506
-201860:-200650,-201860,-200650,3,0,9,9.6666666666666667,25514961,25534961,0.0117038250529326,1.4035330235383084,2.814913009695895,4.2184460332342034,2.814913009695895,6.8506846655856624,5.4079774177502957
-201960:-200650,-201960,-200650,3,0,10,11.3333333333333333,25514961,25534961,0.010676647233605,1.3000394374453106,2.5646139570125458,3.8646533944578564,2.5646139570125458,6.2413334953215635,4.9265808737253108
-202030:-200710,-202030,-200710,3,0,12,13,25514961,25534961,0.0103805518792962,1.2674921991980671,2.280122811464784,3.5476150106628511,2.280122811464784,5.4286027365398442,4.1506862189576565
-201910:-200700,-201910,-200700,3,0,15,15.6666666666666667,25514961,25534961,0.0090881138301702,1.0980805076930542,2.0260713106246372,3.1241518183176914,2.0260713106246372,4.8439771217911366,3.7265958056320744
-202030:-200720,-202030,-200720,3,0,14,15,25514961,25534961,0.0091946526256271,1.1213402601510985,1.983497190797076,3.1048374509481745,1.983497190797076,4.7016397099559405,3.571040557972457
-201970:-200650,-201970,-200650,3,0,18,18.6666666666666667,25514961,25534961,0.0072953805574824,0.8861351793528567,1.7451082504236949,2.6312434297765516,1.7451082504236949,4.2465036447007133,3.3511228478965936
-202160:-200680,-202160,-200680,3,0,12,12.3333333333333333,25484961,25504961,0.0057371283752859,0.7942501126857499,0.8966114495326288,1.6908615622183787,0.8966114495326288,1.7610046604507496,0.9887472433695739
-203250:-202080,-203250,-202080,3,0,11,13,25284961,25304961,0.0065654185154445,0.9635769100575685,0.5928781157897426,1.5564550258473111,0.9635769100575685,1.9527685032386223,1.057919492005526
-202080:-200060,-202080,-200060,3,0,15,16.3333333333333333,25324961,25344961,0.0038280989863958,0.5089322352212604,0.952184325557504,1.4611165607787644,0.952184325557504,2.4811460537425527,1.878209383994804
-202540:-200820,-202540,-200820,3,0,13,14,25384961,25424961,0.004412351787188,0.47553484927067,0.5564548836008983,1.0319897328715683,0.5571696315070883,1.1353104522103992,0.5842552067782059
-203780:-201600,-203780,-201600,3,0,14,16.3333333333333333,25414961,25434961,0.0026849857973762,0.5079806184291212,0.3520190107101719,0.8599996291392931,0.5079806184291212,1.0635343405953617,0.7192080736794565
-203190:-198080,-203190,-198080,2,0,4,4,25534961,25544961,0.0216341593093019,2.8855122840130359,20.4337183462733132,23.319230630286349,20.4337183462733132,24.1569331361654857,20.8877853918128362
-204090:-200620,-204090,-200620,2,0,17,17.5,25254961,25264961,0.0047330168978296,6.7076430467656071,1.253389159554458,7.9610322063200651,6.7076430467656071,15.5517403914400006,13.2226246111019665
-202450:-201260,-202450,-201260,2,0,3,4,25514961,25524961,0.0310066043494413,3.8675145852702414,2.9981445111188704,6.8656590963891118,3.8675145852702414,7.4119299681625645,3.892690162080192
-203870:-199360,-203870,-199360,2,0,18,19,25254961,25264961,0.0034234420416,4.2413350877080254,0.9057754347009425,5.1471105224089679,4.2413350877080254,10.0264467354764974,8.3433623503895423
-203030:-201450,-203030,-201450,2,0,12,12.5,25484961,25494961,0.0067299120378482,0.9595064121654669,0.7171722459156904,1.6766786580811572,0.9595064121654669,1.7809369261222271,0.959897391822086
-202990:-200820,-202990,-200820,2,0,13,13,25454961,25464961,0.0053623311810488,0.7542376553063683,0.8002683740710095,1.5545060293773777,0.8002683740710095,1.5616017011875501,0.8059116525962684
-205820:-199350,-205820,-199350,1,1,1,1,25254961,25254961,0.2224663922949476,1126.9889454884187805,68.9922276613463549,1195.9811731497651354,1126.9889454884187805,1195.9811731497651354,1126.9889454884187805
-216920:-189180,-216920,-189180,1,0,12,12,25254961,25254961,0.0058123254278252,39.074094834506846,1.6415483697869096,40.7156432042937556,39.074094834506846,40.7156432042937556,39.074094834506846
-201910:-200670,-201910,-200670,1,0,6,6,25544961,25544961,0.0332419615363448,4.77639914035059,11.7667158719961798,16.5431150123467698,11.7667158719961798,16.5431150123467698,11.7667158719961798
-201130:-199570,-201130,-199570,1,0,7,7,25544961,25544961,0.0123627074302421,1.3562506249183788,10.6051269955650123,11.9613776204833911,10.6051269955650123,11.9613776204833911,10.6051269955650123
-202540:-202000,-202540,-202000,1,0,3,3,25294961,25294961,0.0395428096767679,5.007432157798392,4.942095394929685,9.949527552728077,5.007432157798392,9.949527552728077,5.007432157798392
-202000:-201650,-202000,-201650,1,0,4,4,25364961,25364961,0.0514726049604875,5.8723635229927253,4.0003783858696741,9.8727419088623994,5.8723635229927253,9.8727419088623994,5.8723635229927253
-203880:-198490,-203880,-198490,1,0,19,19,25254961,25254961,0.0053319272473017,7.508535884654979,1.5055722537823997,9.0141081384373787,7.508535884654979,9.0141081384373787,7.508535884654979
-202410:-202170,-202410,-202170,1,0,4,4,25394961,25394961,0.0734579875386673,0.9936833465111557,7.9373981139830485,8.9310814604942042,7.9373981139830485,8.9310814604942042,7.9373981139830485
-201860:-201400,-201860,-201400,1,0,4,4,25374961,25374961,0.039770570170189,3.7657850793617903,4.8419379317890466,8.6077230111508369,4.8419379317890466,8.6077230111508369,4.8419379317890466
-202320:-200320,-202320,-200320,1,0,4,4,25334961,25334961,0.0304732078730793,3.8882011518348463,4.1508661780593489,8.0390673298941952,4.1508661780593489,8.0390673298941952,4.1508661780593489
-202480:-201860,-202480,-201860,1,0,3,3,25284961,25284961,0.0361353838174927,2.3209094331737782,5.4882521555878961,7.8091615887616743,5.4882521555878961,7.8091615887616743,5.4882521555878961
-201840:-201250,-201840,-201250,1,0,6,6,25334961,25334961,0.0302814858014519,3.8240587617537075,2.594707312146598,6.4187660739003055,3.8240587617537075,6.4187660739003055,3.8240587617537075
-203530:-201940,-203530,-201940,1,0,20,20,25254961,25254961,0.0045018148758294,4.8337163315313433,0.9297700109412194,5.7634863424725627,4.8337163315313433,5.7634863424725627,4.8337163315313433
-202250:-202010,-202250,-202010,1,0,5,5,25384961,25384961,0.0377857264274737,2.8110934867140007,2.940948852076633,5.7520423387906337,2.940948852076633,5.7520423387906337,2.940948852076633
-203790:-201980,-203790,-201980,1,0,3,3,25264961,25264961,0.0159638945534369,2.5422983376092532,2.1443822513621432,4.6866805889713964,2.5422983376092532,4.6866805889713964,2.5422983376092532
-201650:-200570,-201650,-200570,1,0,11,11,25324961,25324961,0.0079505134625062,1.0738346472515422,2.9958865127018506,4.0697211599533928,2.9958865127018506,4.0697211599533928,2.9958865127018506
-202190:-200990,-202190,-200990,1,0,19,19,25534961,25534961,0.0307589031805994,3.8345916684995092,0.0585469254733004,3.8931385939728096,3.8345916684995092,3.8931385939728096,3.8345916684995092
-202960:-202010,-202960,-202010,1,0,8,8,25404961,25404961,0.0118037811324344,1.885662685645372,1.4376464721243861,3.3233091577697581,1.885662685645372,3.3233091577697581,1.885662685645372
-201910:-199890,-201910,-199890,1,0,15,15,25544961,25544961,0.0035670382009438,0.4975236144395563,2.7962949464459721,3.2938185608855284,2.7962949464459721,3.2938185608855284,2.7962949464459721
-202310:-199960,-202310,-199960,1,0,16,16,25544961,25544961,0.0029097815084737,0.4055876962909535,2.2254917611318939,2.6310794574228474,2.2254917611318939,2.6310794574228474,2.2254917611318939
-201560:-200350,-201560,-200350,1,0,18,18,25544961,25544961,0.002860956547124,0.3987628753212368,1.7781244373049312,2.176887312626168,1.7781244373049312,2.176887312626168,1.7781244373049312
-201760:-198240,-201760,-198240,1,0,19,19,25544961,25544961,0.0021670202762052,0.3018348151464115,1.8379654669162057,2.1398002820626172,1.8379654669162057,2.1398002820626172,1.8379654669162057
-203410:-202000,-203410,-202000,1,0,9,9,25264961,25264961,0.0072520952956755,1.145013867106794,0.9541276614915566,2.0991415285983506,1.145013867106794,2.0991415285983506,1.145013867106794
-201720:-201510,-201720,-201510,1,0,20,20,25524961,25524961,0.0124181633933639,1.1952395464394155,0.2098320634965861,1.4050716099360016,1.1952395464394155,1.4050716099360016,1.1952395464394155
-202860:-201360,-202860,-201360,1,0,15,15,25284961,25284961,0.0039350814044167,0.5933487985312617,0.5829731223243172,1.1763219208555789,0.5933487985312617,1.1763219208555789,0.5933487985312617
-201360:-198280,-201360,-198280,1,0,20,20,25324961,25324961,0.002306965172124,0.1234823663448857,1.0427065547902082,1.1661889211350939,1.0427065547902082,1.1661889211350939,1.0427065547902082
-203260:-201370,-203260,-201370,1,0,17,17,25504961,25504961,0.0066365006097764,0.8880853237356967,0.1363451696081988,1.0244304933438955,0.8880853237356967,1.0244304933438955,0.8880853237356967
-201620:-201090,-201620,-201090,1,0,20,20,25464961,25464961,0.0035899507770234,0.2045112444275273,0.5195133536469192,0.7240245980744465,0.5195133536469192,0.7240245980744465,0.5195133536469192
-203240:-199160,-203240,-199160,1,0,19,19,25364961,25364961,0.0025755362139474,0.346056942298681,0.3474997395714351,0.6935566818701161,0.3474997395714351,0.6935566818701161,0.3474997395714351
-203310:-196260,-203310,-196260,1,0,19,19,25404961,25404961,0.0019545944638287,0.433152064909053,0.2360142281538135,0.6691662930628665,0.433152064909053,0.6691662930628665,0.433152064909053
-203130:-201120,-203130,-201120,1,0,20,20,25404961,25404961,0.0020038394352254,0.3911761840501553,0.2419708728396374,0.6331470568897927,0.3911761840501553,0.6331470568897927,0.3911761840501553
-203190:-200820,-203190,-200820,1,0,19,19,25354961,25354961,0.0021499677257041,0.3150880847946487,0.2855957722091996,0.6006838570038483,0.3150880847946487,0.6006838570038483,0.3150880847946487
-203040:-202250,-203040,-202250,1,0,20,20,25294961,25294961,0.0035515288090812,0.502563512044193,0.0087786757624406,0.5113421878066336,0.502563512044193,0.5113421878066336,0.502563512044193
-203850:-200920,-203850,-200920,1,0,19,19,25264961,25264961,0.001147321983474,0.180065540831877,0.1660483949183487,0.3461139357502257,0.180065540831877,0.3461139357502257,0.180065540831877
-202120:-202010,-202120,-202010,1,0,20,20,25314961,25314961,0.0036088383990059,0.1379915603360015,0.1679539531275319,0.3059455134635334,0.1679539531275319,0.3059455134635334,0.1679539531275319
