event_id,pool_address,tx_hash,block_number,log_index,direction,threshold_bps,base_depth_amount,post_burn_depth_amount,delta_depth_amount,base_breached,post_burn_breached
burn:0xa709a6aa684d97e4b6f35a7f52704afecc1536bb2fdc6513af5f5870405bba9a#11270767,0x88e6a0c2ddd26feeb64f039a2c41296fcb3f5640,0xa709a6aa684d97e4b6f35a7f52704afecc1536bb2fdc6513af5f5870405bba9a,24906773,77,zero_for_one,10,1069150477401.4024,141645228230.81376,927505249170.58864,true,true
burn:0xa709a6aa684d97e4b6f35a7f52704afecc1536bb2fdc6513af5f5870405bba9a#11270767,0x88e6a0c2ddd26feeb64f039a2c41296fcb3f5640,0xa709a6aa684d97e4b6f35a7f52704afecc1536bb2fdc6513af5f5870405bba9a,24906773,77,zero_for_one,50,1850671979830.4668,709947878224.52925,1140724101605.93755,true,true
burn:0xa709a6aa684d97e4b6f35a7f52704afecc1536bb2fdc6513af5f5870405bba9a#11270767,0x88e6a0c2ddd26feeb64f039a2c41296fcb3f5640,0xa709a6aa684d97e4b6f35a7f52704afecc1536bb2fdc6513af5f5870405bba9a,24906773,77,zero_for_one,100,2611704794236.4993,1418444088466.9305,1193260705769.5688,true,true
burn:0xa709a6aa684d97e4b6f35a7f52704afecc1536bb2fdc6513af5f5870405bba9a#11270767,0x88e6a0c2ddd26feeb64f039a2c41296fcb3f5640,0xa709a6aa684d97e4b6f35a7f52704afecc1536bb2fdc6513af5f5870405bba9a,24906773,77,one_for_zero,10,689383696262811177533.793570787861226,60114681004565566775.5523208585891312,629269015258245610758.2412499292720948,true,true
burn:0xa709a6aa684d97e4b6f35a7f52704afecc1536bb2fdc6513af5f5870405bba9a#11270767,0x88e6a0c2ddd26feeb64f039a2c41296fcb3f5640,0xa709a6aa684d97e4b6f35a7f52704afecc1536bb2fdc6513af5f5870405bba9a,24906773,77,one_for_zero,50,1197193829412101599122.533565249074965,301174264864051653511.7833086272135775,896019564548049945610.7502566218613875,true,true
burn:0xa709a6aa684d97e4b6f35a7f52704afecc1536bb2fdc6513af5f5870405bba9a#11270767,0x88e6a0c2ddd26feeb64f039a2c41296fcb3f5640,0xa709a6aa684d97e4b6f35a7f52704afecc1536bb2fdc6513af5f5870405bba9a,24906773,77,one_for_zero,100,1559505471187793326898.066961655184494,601595391617226118804.717970498264609,957910079570567208093.348991156919885,true,true
burn:0xe93247875ea1274a0255aa4ea43e3be95afaace219422b2480ca9fcfafc0457f#11270793,0x88e6a0c2ddd26feeb64f039a2c41296fcb3f5640,0xe93247875ea1274a0255aa4ea43e3be95afaace219422b2480ca9fcfafc0457f,24906821,224,zero_for_one,10,141657750120.9176,141657750120.9176,0,true,true
burn:0xe93247875ea1274a0255aa4ea43e3be95afaace219422b2480ca9fcfafc0457f#11270793,0x88e6a0c2ddd26feeb64f039a2c41296fcb3f5640,0xe93247875ea1274a0255aa4ea43e3be95afaace219422b2480ca9fcfafc0457f,24906821,224,zero_for_one,50,710020368283.7951,710020368283.7951,0,true,true
burn:0xe93247875ea1274a0255aa4ea43e3be95afaace219422b2480ca9fcfafc0457f#11270793,0x88e6a0c2ddd26feeb64f039a2c41296fcb3f5640,0xe93247875ea1274a0255aa4ea43e3be95afaace219422b2480ca9fcfafc0457f,24906821,224,zero_for_one,100,1419702343206.6,1417154317418.0511,2548025788.5489,true,true
burn:0xe93247875ea1274a0255aa4ea43e3be95afaace219422b2480ca9fcfafc0457f#11270793,0x88e6a0c2ddd26feeb64f039a2c41296fcb3f5640,0xe93247875ea1274a0255aa4ea43e3be95afaace219422b2480ca9fcfafc0457f,24906821,224,one_for_zero,10,60228386518364893112.850472146914974,60228386518364893112.850472146914974,0,true,true
burn:0xe93247875ea1274a0255aa4ea43e3be95afaace219422b2480ca9fcfafc0457f#11270793,0x88e6a0c2ddd26feeb64f039a2c41296fcb3f5640,0xe93247875ea1274a0255aa4ea43e3be95afaace219422b2480ca9fcfafc0457f,24906821,224,one_for_zero,50,301491886202701511202.733176344950118,301491886202701511202.733176344950118,0,true,true
burn:0xe93247875ea1274a0255aa4ea43e3be95afaace219422b2480ca9fcfafc0457f#11270793,0x88e6a0c2ddd26feeb64f039a2c41296fcb3f5640,0xe93247875ea1274a0255aa4ea43e3be95afaace219422b2480ca9fcfafc0457f,24906821,224,one_for_zero,100,601827497236348487899.093358400026643,601827497236348487899.093358400026643,0,true,true
burn:0x7770f343e63bc87543d909bd6fb08aa785a45b68ec73171ea2332688eb4c3de8#11270825,0x88e6a0c2ddd26feeb64f039a2c41296fcb3f5640,0x7770f343e63bc87543d909bd6fb08aa785a45b68ec73171ea2332688eb4c3de8,24906868,803,zero_for_one,10,145245904651.35876,145245904651.35876,0,true,true
burn:0x7770f343e63bc87543d909bd6fb08aa785a45b68ec73171ea2332688eb4c3de8#11270825,0x88e6a0c2ddd26feeb64f039a2c41296fcb3f5640,0x7770f343e63bc87543d909bd6fb08aa785a45b68ec73171ea2332688eb4c3de8,24906868,803,zero_for_one,50,728308928373.2943,728132981571.25325,175946802.04105,true,true
burn:0x7770f343e63bc87543d909bd6fb08aa785a45b68ec73171ea2332688eb4c3de8#11270825,0x88e6a0c2ddd26feeb64f039a2c41296fcb3f5640,0x7770f343e63bc87543d909bd6fb08aa785a45b68ec73171ea2332688eb4c3de8,24906868,803,zero_for_one,100,1444194513607.6111,1443016546566.8672,1177967040.7439,true,true
burn:0x7770f343e63bc87543d909bd6fb08aa785a45b68ec73171ea2332688eb4c3de8#11270825,0x88e6a0c2ddd26feeb64f039a2c41296fcb3f5640,0x7770f343e63bc87543d909bd6fb08aa785a45b68ec73171ea2332688eb4c3de8,24906868,803,one_for_zero,10,61599014066703042571.6154916620910544,61599014066703042571.6154916620910544,0,true,true
burn:0x7770f343e63bc87543d909bd6fb08aa785a45b68ec73171ea2332688eb4c3de8#11270825,0x88e6a0c2ddd26feeb64f039a2c41296fcb3f5640,0x7770f343e63bc87543d909bd6fb08aa785a45b68ec73171ea2332688eb4c3de8,24906868,803,one_for_zero,50,308573646274239709625.989532621382614,308573646274239709625.989532621382614,0,true,true
burn:0x7770f343e63bc87543d909bd6fb08aa785a45b68ec73171ea2332688eb4c3de8#11270825,0x88e6a0c2ddd26feeb64f039a2c41296fcb3f5640,0x7770f343e63bc87543d909bd6fb08aa785a45b68ec73171ea2332688eb4c3de8,24906868,803,one_for_zero,100,615147207186942440707.025698433230965,615147207186942440707.025698433230965,0,true,true
burn:0x4f2e3b0a4321ec2fddac190855da64dbaf35498c05673a3b643e92dffac77624#11270845,0x88e6a0c2ddd26feeb64f039a2c41296fcb3f5640,0x4f2e3b0a4321ec2fddac190855da64dbaf35498c05673a3b643e92dffac77624,24906918,517,zero_for_one,10,145285541409.96796,145285354640.26668,186769.70128,true,true
burn:0x4f2e3b0a4321ec2fddac190855da64dbaf35498c05673a3b643e92dffac77624#11270845,0x88e6a0c2ddd26feeb64f039a2c41296fcb3f5640,0x4f2e3b0a4321ec2fddac190855da64dbaf35498c05673a3b643e92dffac77624,24906918,517,zero_for_one,50,728260965114.1574,728254541177.43055,6423936.72685,true,true
burn:0x4f2e3b0a4321ec2fddac190855da64dbaf35498c05673a3b643e92dffac77624#11270845,0x88e6a0c2ddd26feeb64f039a2c41296fcb3f5640,0x4f2e3b0a4321ec2fddac190855da64dbaf35498c05673a3b643e92dffac77624,24906918,517,zero_for_one,100,1444601443946.6703,1444577220569.5725,24223377.0978,true,true
burn:0x4f2e3b0a4321ec2fddac190855da64dbaf35498c05673a3b643e92dffac77624#11270845,0x88e6a0c2ddd26feeb64f039a2c41296fcb3f5640,0x4f2e3b0a4321ec2fddac190855da64dbaf35498c05673a3b643e92dffac77624,24906918,517,one_for_zero,10,61609752886390547357.0767710232436484,61609752886390547357.0767710232436484,0,true,true
burn:0x4f2e3b0a4321ec2fddac190855da64dbaf35498c05673a3b643e92dffac77624#11270845,0x88e6a0c2ddd26feeb64f039a2c41296fcb3f5640,0x4f2e3b0a4321ec2fddac190855da64dbaf35498c05673a3b643e92dffac77624,24906918,517,one_for_zero,50,308660441436445396418.770575095956021,308660441436445396418.770575095956021,0,true,true
burn:0x4f2e3b0a4321ec2fddac190855da64dbaf35498c05673a3b643e92dffac77624#11270845,0x88e6a0c2ddd26feeb64f039a2c41296fcb3f5640,0x4f2e3b0a4321ec2fddac190855da64dbaf35498c05673a3b643e92dffac77624,24906918,517,one_for_zero,100,615182853387165262201.695855297220991,615182853387165262201.695855297220991,0,true,true
burn:0x292c62c605c5591ea8d75d5d58f762c5923cdf41f88c2b009132c429563c67c9#11270852,0x88e6a0c2ddd26feeb64f039a2c41296fcb3f5640,0x292c62c605c5591ea8d75d5d58f762c5923cdf41f88c2b009132c429563c67c9,24906935,203,zero_for_one,10,145287445324.27192,145287445324.27192,0,true,true
burn:0x292c62c605c5591ea8d75d5d58f762c5923cdf41f88c2b009132c429563c67c9#11270852,0x88e6a0c2ddd26feeb64f039a2c41296fcb3f5640,0x292c62c605c5591ea8d75d5d58f762c5923cdf41f88c2b009132c429563c67c9,24906935,203,zero_for_one,50,728271610575.7457,728270320827.9555,1289747.7902,true,true
burn:0x292c62c605c5591ea8d75d5d58f762c5923cdf41f88c2b009132c429563c67c9#11270852,0x88e6a0c2ddd26feeb64f039a2c41296fcb3f5640,0x292c62c605c5591ea8d75d5d58f762c5923cdf41f88c2b009132c429563c67c9,24906935,203,zero_for_one,100,1444563927999.565,1444555534796.8936,8393202.6714,true,true
burn:0x292c62c605c5591ea8d75d5d58f762c5923cdf41f88c2b009132c429563c67c9#11270852,0x88e6a0c2ddd26feeb64f039a2c41296fcb3f5640,0x292c62c605c5591ea8d75d5d58f762c5923cdf41f88c2b009132c429563c67c9,24906935,203,one_for_zero,10,61610790760400553050.4107936292411296,61610790760400553050.4107936292411296,0,true,true
burn:0x292c62c605c5591ea8d75d5d58f762c5923cdf41f88c2b009132c429563c67c9#11270852,0x88e6a0c2ddd26feeb64f039a2c41296fcb3f5640,0x292c62c605c5591ea8d75d5d58f762c5923cdf41f88c2b009132c429563c67c9,24906935,203,one_for_zero,50,308664019395139911842.078201621931415,308664019395139911842.078201621931415,0,true,true
burn:0x292c62c605c5591ea8d75d5d58f762c5923cdf41f88c2b009132c429563c67c9#11270852,0x88e6a0c2ddd26feeb64f039a2c41296fcb3f5640,0x292c62c605c5591ea8d75d5d58f762c5923cdf41f88c2b009132c429563c67c9,24906935,203,one_for_zero,100,615195829763860641679.55402762459183,615195829763860641679.55402762459183,0,true,true
burn:0x517f1b5edd9f72e6ff60f0237a0c75d364ac59d385051631beda6c15045143da#11270856,0x88e6a0c2ddd26feeb64f039a2c41296fcb3f5640,0x517f1b5edd9f72e6ff60f0237a0c75d364ac59d385051631beda6c15045143da,24906948,72,zero_for_one,10,145289450686.69632,145236632790.57224,52817896.12408,true,true
burn:0x517f1b5edd9f72e6ff60f0237a0c75d364ac59d385051631beda6c15045143da#11270856,0x88e6a0c2ddd26feeb64f039a2c41296fcb3f5640,0x517f1b5edd9f72e6ff60f0237a0c75d364ac59d385051631beda6c15045143da,24906948,72,zero_for_one,50,728279431900.16045,728014167761.86495,265264138.2955,true,true
burn:0x517f1b5edd9f72e6ff60f0237a0c75d364ac59d385051631beda6c15045143da#11270856,0x88e6a0c2ddd26feeb64f039a2c41296fcb3f5640,0x517f1b5edd9f72e6ff60f0237a0c75d364ac59d385051631beda6c15045143da,24906948,72,zero_for_one,100,1444568314912.2366,1444029981156.6258,538333755.6108,true,true
burn:0x517f1b5edd9f72e6ff60f0237a0c75d364ac59d385051631beda6c15045143da#11270856,0x88e6a0c2ddd26feeb64f039a2c41296fcb3f5640,0x517f1b5edd9f72e6ff60f0237a0c75d364ac59d385051631beda6c15045143da,24906948,72,one_for_zero,10,61611639793112826588.0235379600327676,61589261862485513158.6471603485421184,22377930627313429.3763776114906492,true,true
burn:0x517f1b5edd9f72e6ff60f0237a0c75d364ac59d385051631beda6c15045143da#11270856,0x88e6a0c2ddd26feeb64f039a2c41296fcb3f5640,0x517f1b5edd9f72e6ff60f0237a0c75d364ac59d385051631beda6c15045143da,24906948,72,one_for_zero,50,308668265072800681005.557426078658776,308556402658041974151.470695342412398,111862414758706854.086730736246378,true,true
burn:0x517f1b5edd9f72e6ff60f0237a0c75d364ac59d385051631beda6c15045143da#11270856,0x88e6a0c2ddd26feeb64f039a2c41296fcb3f5640,0x517f1b5edd9f72e6ff60f0237a0c75d364ac59d385051631beda6c15045143da,24906948,72,one_for_zero,100,615203870102250736756.200393260326972,614981911570126336618.883194744917219,221958532124400137.317198515409753,true,true
burn:0xa62b0e5af537f966b0109a1615e8113ae116960fc5fd01e8b8904e6d79ff06ef#11270954,0x88e6a0c2ddd26feeb64f039a2c41296fcb3f5640,0xa62b0e5af537f966b0109a1615e8113ae116960fc5fd01e8b8904e6d79ff06ef,24907133,281,zero_for_one,10,145554746315.58432,145554746315.58432,0,true,true
burn:0xa62b0e5af537f966b0109a1615e8113ae116960fc5fd01e8b8904e6d79ff06ef#11270954,0x88e6a0c2ddd26feeb64f039a2c41296fcb3f5640,0xa62b0e5af537f966b0109a1615e8113ae116960fc5fd01e8b8904e6d79ff06ef,24907133,281,zero_for_one,50,729043856400.3976,729043856400.3976,0,true,true
burn:0xa62b0e5af537f966b0109a1615e8113ae116960fc5fd01e8b8904e6d79ff06ef#11270954,0x88e6a0c2ddd26feeb64f039a2c41296fcb3f5640,0xa62b0e5af537f966b0109a1615e8113ae116960fc5fd01e8b8904e6d79ff06ef,24907133,281,zero_for_one,100,1453887979120.959,1453887979120.959,0,true,true
burn:0xa62b0e5af537f966b0109a1615e8113ae116960fc5fd01e8b8904e6d79ff06ef#11270954,0x88e6a0c2ddd26feeb64f039a2c41296fcb3f5640,0xa62b0e5af537f966b0109a1615e8113ae116960fc5fd01e8b8904e6d79ff06ef,24907133,281,one_for_zero,10,61873177287960884285.9858778355511756,61873177287960884285.9858778355511756,0,true,true
burn:0xa62b0e5af537f966b0109a1615e8113ae116960fc5fd01e8b8904e6d79ff06ef#11270954,0x88e6a0c2ddd26feeb64f039a2c41296fcb3f5640,0xa62b0e5af537f966b0109a1615e8113ae116960fc5fd01e8b8904e6d79ff06ef,24907133,281,one_for_zero,50,309585970413110435979.31877717070899,309585970413110435979.31877717070899,0,true,true
burn:0xa62b0e5af537f966b0109a1615e8113ae116960fc5fd01e8b8904e6d79ff06ef#11270954,0x88e6a0c2ddd26feeb64f039a2c41296fcb3f5640,0xa62b0e5af537f966b0109a1615e8113ae116960fc5fd01e8b8904e6d79ff06ef,24907133,281,one_for_zero,100,614929329522821214085.06258256175762,614929329522821214085.06258256175762,0,true,true
burn:0xcee55465ff486d735d465e66ac35161eca75baaaeef8a34227fc963b45236108#11270961,0x88e6a0c2ddd26feeb64f039a2c41296fcb3f5640,0xcee55465ff486d735d465e66ac35161eca75baaaeef8a34227fc963b45236108,24907146,100,zero_for_one,10,145543990322.94064,144814114957.50216,729875365.43848,true,true
burn:0xcee55465ff486d735d465e66ac35161eca75baaaeef8a34227fc963b45236108#11270961,0x88e6a0c2ddd26feeb64f039a2c41296fcb3f5640,0xcee55465ff486d735d465e66ac35161eca75baaaeef8a34227fc963b45236108,24907146,100,zero_for_one,50,729013397467.183,725350263242.1285,3663134225.0545,true,true
burn:0xcee55465ff486d735d465e66ac35161eca75baaaeef8a34227fc963b45236108#11270961,0x88e6a0c2ddd26feeb64f039a2c41296fcb3f5640,0xcee55465ff486d735d465e66ac35161eca75baaaeef8a34227fc963b45236108,24907146,100,zero_for_one,100,1453593349588.3238,1446122905089.806,7470444498.5178,true,true
burn:0xcee55465ff486d735d465e66ac35161eca75baaaeef8a34227fc963b45236108#11270961,0x88e6a0c2ddd26feeb64f039a2c41296fcb3f5640,0xcee55465ff486d735d465e66ac35161eca75baaaeef8a34227fc963b45236108,24907146,100,one_for_zero,10,61874361791154851669.3019662972611552,61563771078410167697.6639599347727268,310590712744683971.6380063624884284,true,true
burn:0xcee55465ff486d735d465e66ac35161eca75baaaeef8a34227fc963b45236108#11270961,0x88e6a0c2ddd26feeb64f039a2c41296fcb3f5640,0xcee55465ff486d735d465e66ac35161eca75baaaeef8a34227fc963b45236108,24907146,100,one_for_zero,50,309573034750730959371.731521184108948,308019592629611867064.3970424106088845,1553442121119092307.3344787735000635,true,true
burn:0xcee55465ff486d735d465e66ac35161eca75baaaeef8a34227fc963b45236108#11270961,0x88e6a0c2ddd26feeb64f039a2c41296fcb3f5640,0xcee55465ff486d735d465e66ac35161eca75baaaeef8a34227fc963b45236108,24907146,100,one_for_zero,100,614990596894143121071.570306698384122,612042850505948256688.030683604590265,2947746388194864383.539623093793857,true,true
burn:0xe573ee8e56433e2e96bce28ef739107a2ad065c7cd7efe0f19678b28ec785e5d#11270984,0x88e6a0c2ddd26feeb64f039a2c41296fcb3f5640,0xe573ee8e56433e2e96bce28ef739107a2ad065c7cd7efe0f19678b28ec785e5d,24907170,64,zero_for_one,10,2180150186781.395,144654805891.30416,2035495380890.09084,true,true
burn:0xe573ee8e56433e2e96bce28ef739107a2ad065c7cd7efe0f19678b28ec785e5d#11270984,0x88e6a0c2ddd26feeb64f039a2c41296fcb3f5640,0xe573ee8e56433e2e96bce28ef739107a2ad065c7cd7efe0f19678b28ec785e5d,24907170,64,zero_for_one,50,3296171720060.9663,724972687229.221,2571199032831.7453,true,true
burn:0xe573ee8e56433e2e96bce28ef739107a2ad065c7cd7efe0f19678b28ec785e5d#11270984,0x88e6a0c2ddd26feeb64f039a2c41296fcb3f5640,0xe573ee8e56433e2e96bce28ef739107a2ad065c7cd7efe0f19678b28ec785e5d,24907170,64,zero_for_one,100,4691198636660.4302,1438950805864.4957,3252247830795.9345,true,true
burn:0xe573ee8e56433e2e96bce28ef739107a2ad065c7cd7efe0f19678b28ec785e5d#11270984,0x88e6a0c2ddd26feeb64f039a2c41296fcb3f5640,0xe573ee8e56433e2e96bce28ef739107a2ad065c7cd7efe0f19678b28ec785e5d,24907170,64,one_for_zero,10,338111740983153935047.6145691458892815,61348775394648177411.3585250223623512,276762965588505757636.2560441235269303,true,true
burn:0xe573ee8e56433e2e96bce28ef739107a2ad065c7cd7efe0f19678b28ec785e5d#11270984,0x88e6a0c2ddd26feeb64f039a2c41296fcb3f5640,0xe573ee8e56433e2e96bce28ef739107a2ad065c7cd7efe0f19678b28ec785e5d,24907170,64,one_for_zero,50,665005910417424736936.017669685060173,307373028604151889467.5384831729346925,357632881813272847468.4791865121254805,true,true
burn:0xe573ee8e56433e2e96bce28ef739107a2ad065c7cd7efe0f19678b28ec785e5d#11270984,0x88e6a0c2ddd26feeb64f039a2c41296fcb3f5640,0xe573ee8e56433e2e96bce28ef739107a2ad065c7cd7efe0f19678b28ec785e5d,24907170,64,one_for_zero,100,1004312455117670442015.170194514877871,612504358194060677481.830994967746592,391808096923609764533.339199547131279,true,true
burn:0x16026e80294278e43173df0188698b527f6016e576e56075706d320ba7afd4c8#11271205,0x88e6a0c2ddd26feeb64f039a2c41296fcb3f5640,0x16026e80294278e43173df0188698b527f6016e576e56075706d320ba7afd4c8,24907626,281,zero_for_one,10,146146476500.98564,146133542798.10072,12933702.88492,true,true
burn:0x16026e80294278e43173df0188698b527f6016e576e56075706d320ba7afd4c8#11271205,0x88e6a0c2ddd26feeb64f039a2c41296fcb3f5640,0x16026e80294278e43173df0188698b527f6016e576e56075706d320ba7afd4c8,24907626,281,zero_for_one,50,732345589392.0194,732280475573.9003,65113818.1191,true,true
burn:0x16026e80294278e43173df0188698b527f6016e576e56075706d320ba7afd4c8#11271205,0x88e6a0c2ddd26feeb64f039a2c41296fcb3f5640,0x16026e80294278e43173df0188698b527f6016e576e56075706d320ba7afd4c8,24907626,281,zero_for_one,100,1446264110083.0513,1446132510095.9035,131599987.1478,true,true
burn:0x16026e80294278e43173df0188698b527f6016e576e56075706d320ba7afd4c8#11271205,0x88e6a0c2ddd26feeb64f039a2c41296fcb3f5640,0x16026e80294278e43173df0188698b527f6016e576e56075706d320ba7afd4c8,24907626,281,one_for_zero,10,61812529108508027242.6532951878844464,61807059760811989628.270702021660606,5469347696037614.3825931662238404,true,true
burn:0x16026e80294278e43173df0188698b527f6016e576e56075706d320ba7afd4c8#11271205,0x88e6a0c2ddd26feeb64f039a2c41296fcb3f5640,0x16026e80294278e43173df0188698b527f6016e576e56075706d320ba7afd4c8,24907626,281,one_for_zero,50,309797169651165811698.80891688028976,309769831891018071300.8147639328989315,27337760147740397.9941529473908285,true,true
burn:0x16026e80294278e43173df0188698b527f6016e576e56075706d320ba7afd4c8#11271205,0x88e6a0c2ddd26feeb64f039a2c41296fcb3f5640,0x16026e80294278e43173df0188698b527f6016e576e56075706d320ba7afd4c8,24907626,281,one_for_zero,100,618648608601406014896.970304615493897,618594219610458498249.704018123695222,54388990947516647.266286491798675,true,true
burn:0x78a7fe82e88cb8d551e86c70e3995bd419c79d89844e80f74cb003e19040b418#11271252,0x88e6a0c2ddd26feeb64f039a2c41296fcb3f5640,0x78a7fe82e88cb8d551e86c70e3995bd419c79d89844e80f74cb003e19040b418,24907765,208,zero_for_one,10,146168991031.63652,146168991031.63652,0,true,true
burn:0x78a7fe82e88cb8d551e86c70e3995bd419c79d89844e80f74cb003e19040b418#11271252,0x88e6a0c2ddd26feeb64f039a2c41296fcb3f5640,0x78a7fe82e88cb8d551e86c70e3995bd419c79d89844e80f74cb003e19040b418,24907765,208,zero_for_one,50,732109768242.0818,732109768242.0818,0,true,true
burn:0x78a7fe82e88cb8d551e86c70e3995bd419c79d89844e80f74cb003e19040b418#11271252,0x88e6a0c2ddd26feeb64f039a2c41296fcb3f5640,0x78a7fe82e88cb8d551e86c70e3995bd419c79d89844e80f74cb003e19040b418,24907765,208,zero_for_one,100,1443802713532.5713,1443802713532.5713,0,true,true
burn:0x78a7fe82e88cb8d551e86c70e3995bd419c79d89844e80f74cb003e19040b418#11271252,0x88e6a0c2ddd26feeb64f039a2c41296fcb3f5640,0x78a7fe82e88cb8d551e86c70e3995bd419c79d89844e80f74cb003e19040b418,24907765,208,one_for_zero,10,61778413333243356248.2968410464354836,61777294088843739732.3219698383446848,1119244399616515.9748712080907988,true,true
burn:0x78a7fe82e88cb8d551e86c70e3995bd419c79d89844e80f74cb003e19040b418#11271252,0x88e6a0c2ddd26feeb64f039a2c41296fcb3f5640,0x78a7fe82e88cb8d551e86c70e3995bd419c79d89844e80f74cb003e19040b418,24907765,208,one_for_zero,50,309557865286052295042.3672570767318865,309496074296083578972.495648816062849,61790989968716069.8716082606690375,true,true
burn:0x78a7fe82e88cb8d551e86c70e3995bd419c79d89844e80f74cb003e19040b418#11271252,0x88e6a0c2ddd26feeb64f039a2c41296fcb3f5640,0x78a7fe82e88cb8d551e86c70e3995bd419c79d89844e80f74cb003e19040b418,24907765,208,one_for_zero,100,618393909077543312530.363574154132481,618088589673367896937.670226949887657,305319404175415592.693347204244824,true,true
burn:0x51d62dce1a7590b2bb2131f67e773eb65cfad690893e88df04f555d436bc1ce8#11271259,0x88e6a0c2ddd26feeb64f039a2c41296fcb3f5640,0x51d62dce1a7590b2bb2131f67e773eb65cfad690893e88df04f555d436bc1ce8,24907770,1192,zero_for_one,10,146163693614.78108,146163693614.78108,0,true,true
burn:0x51d62dce1a7590b2bb2131f67e773eb65cfad690893e88df04f555d436bc1ce8#11271259,0x88e6a0c2ddd26feeb64f039a2c41296fcb3f5640,0x51d62dce1a7590b2bb2131f67e773eb65cfad690893e88df04f555d436bc1ce8,24907770,1192,zero_for_one,50,732140420160.8558,732140420160.8558,0,true,true
burn:0x51d62dce1a7590b2bb2131f67e773eb65cfad690893e88df04f555d436bc1ce8#11271259,0x88e6a0c2ddd26feeb64f039a2c41296fcb3f5640,0x51d62dce1a7590b2bb2131f67e773eb65cfad690893e88df04f555d436bc1ce8,24907770,1192,zero_for_one,100,1444162218283.7556,1444162218283.7556,0,true,true
burn:0x51d62dce1a7590b2bb2131f67e773eb65cfad690893e88df04f555d436bc1ce8#11271259,0x88e6a0c2ddd26feeb64f039a2c41296fcb3f5640,0x51d62dce1a7590b2bb2131f67e773eb65cfad690893e88df04f555d436bc1ce8,24907770,1192,one_for_zero,10,61780730795311875124.365560635987482,61780730795311875124.365560635987482,0,true,true
burn:0x51d62dce1a7590b2bb2131f67e773eb65cfad690893e88df04f555d436bc1ce8#11271259,0x88e6a0c2ddd26feeb64f039a2c41296fcb3f5640,0x51d62dce1a7590b2bb2131f67e773eb65cfad690893e88df04f555d436bc1ce8,24907770,1192,one_for_zero,50,309525117738414224111.2561737850313825,309525117738414224111.2561737850313825,0,true,true
burn:0x51d62dce1a7590b2bb2131f67e773eb65cfad690893e88df04f555d436bc1ce8#11271259,0x88e6a0c2ddd26feeb64f039a2c41296fcb3f5640,0x51d62dce1a7590b2bb2131f67e773eb65cfad690893e88df04f555d436bc1ce8,24907770,1192,one_for_zero,100,618115551040872536305.835270883360147,618115551040872536305.835270883360147,0,true,true
burn:0x24434845d17129aba9b9c327927340a9d56973c6d804f1429813337076e60590#11271337,0x88e6a0c2ddd26feeb64f039a2c41296fcb3f5640,0x24434845d17129aba9b9c327927340a9d56973c6d804f1429813337076e60590,24907915,522,zero_for_one,10,146271504562.18708,146271504562.18708,0,true,true
burn:0x24434845d17129aba9b9c327927340a9d56973c6d804f1429813337076e60590#11271337,0x88e6a0c2ddd26feeb64f039a2c41296fcb3f5640,0x24434845d17129aba9b9c327927340a9d56973c6d804f1429813337076e60590,24907915,522,zero_for_one,50,732415035017.21805,732415035017.21805,0,true,true
burn:0x24434845d17129aba9b9c327927340a9d56973c6d804f1429813337076e60590#11271337,0x88e6a0c2ddd26feeb64f039a2c41296fcb3f5640,0x24434845d17129aba9b9c327927340a9d56973c6d804f1429813337076e60590,24907915,522,zero_for_one,100,1443394031869.5703,1443394031869.5703,0,true,true
burn:0x24434845d17129aba9b9c327927340a9d56973c6d804f1429813337076e60590#11271337,0x88e6a0c2ddd26feeb64f039a2c41296fcb3f5640,0x24434845d17129aba9b9c327927340a9d56973c6d804f1429813337076e60590,24907915,522,one_for_zero,10,61801212306071962111.9116835880859824,61801212306071962111.9116835880859824,0,true,true
burn:0x24434845d17129aba9b9c327927340a9d56973c6d804f1429813337076e60590#11271337,0x88e6a0c2ddd26feeb64f039a2c41296fcb3f5640,0x24434845d17129aba9b9c327927340a9d56973c6d804f1429813337076e60590,24907915,522,one_for_zero,50,309575999693079247895.744882375799715,309575999693079247895.744882375799715,0,true,true
burn:0x24434845d17129aba9b9c327927340a9d56973c6d804f1429813337076e60590#11271337,0x88e6a0c2ddd26feeb64f039a2c41296fcb3f5640,0x24434845d17129aba9b9c327927340a9d56973c6d804f1429813337076e60590,24907915,522,one_for_zero,100,618348914347255117056.909426270293699,618348914347255117056.909426270293699,0,true,true
burn:0xfb1efa3af8c18f8f2c47375cff0b1b745d45da6c2af7b1fafb71c675fba05a8d#11271354,0x88e6a0c2ddd26feeb64f039a2c41296fcb3f5640,0xfb1efa3af8c18f8f2c47375cff0b1b745d45da6c2af7b1fafb71c675fba05a8d,24907940,266,zero_for_one,10,146317855659.08976,146313904918.93852,3950740.15124,true,true
burn:0xfb1efa3af8c18f8f2c47375cff0b1b745d45da6c2af7b1fafb71c675fba05a8d#11271354,0x88e6a0c2ddd26feeb64f039a2c41296fcb3f5640,0xfb1efa3af8c18f8f2c47375cff0b1b745d45da6c2af7b1fafb71c675fba05a8d,24907940,266,zero_for_one,50,729971769662.82745,729953213866.5525,18555796.27495,true,true
burn:0xfb1efa3af8c18f8f2c47375cff0b1b745d45da6c2af7b1fafb71c675fba05a8d#11271354,0x88e6a0c2ddd26feeb64f039a2c41296fcb3f5640,0xfb1efa3af8c18f8f2c47375cff0b1b745d45da6c2af7b1fafb71c675fba05a8d,24907940,266,zero_for_one,100,1429204118683.5559,1429177557409.8181,26561273.7378,true,true
burn:0xfb1efa3af8c18f8f2c47375cff0b1b745d45da6c2af7b1fafb71c675fba05a8d#11271354,0x88e6a0c2ddd26feeb64f039a2c41296fcb3f5640,0xfb1efa3af8c18f8f2c47375cff0b1b745d45da6c2af7b1fafb71c675fba05a8d,24907940,266,one_for_zero,10,61681264237471923346.1269821970788808,61679602494023502638.906713899290652,1661743448420707.2202682977882288,true,true
burn:0xfb1efa3af8c18f8f2c47375cff0b1b745d45da6c2af7b1fafb71c675fba05a8d#11271354,0x88e6a0c2ddd26feeb64f039a2c41296fcb3f5640,0xfb1efa3af8c18f8f2c47375cff0b1b745d45da6c2af7b1fafb71c675fba05a8d,24907940,266,one_for_zero,50,308776750518777050323.054782471967464,308768438156815436234.8507183973822145,8312361961614088.2040640745852495,true,true
burn:0xfb1efa3af8c18f8f2c47375cff0b1b745d45da6c2af7b1fafb71c675fba05a8d#11271354,0x88e6a0c2ddd26feeb64f039a2c41296fcb3f5640,0xfb1efa3af8c18f8f2c47375cff0b1b745d45da6c2af7b1fafb71c675fba05a8d,24907940,266,one_for_zero,100,617445612079231986761.058734921065079,617429856158235251060.112997275025042,15755920996735700.945737646040037,true,true
burn:0x434516d805cfbc1a76d74482e60be41893ef11411f5a7512cb7ddabc9a80bb14#11271435,0x88e6a0c2ddd26feeb64f039a2c41296fcb3f5640,0x434516d805cfbc1a76d74482e60be41893ef11411f5a7512cb7ddabc9a80bb14,24908096,36,zero_for_one,10,1237566743523.5894,146204389697.94944,1091362353825.63996,true,true
burn:0x434516d805cfbc1a76d74482e60be41893ef11411f5a7512cb7ddabc9a80bb14#11271435,0x88e6a0c2ddd26feeb64f039a2c41296fcb3f5640,0x434516d805cfbc1a76d74482e60be41893ef11411f5a7512cb7ddabc9a80bb14,24908096,36,zero_for_one,50,2317925080762.1519,732716600511.9274,1585208480250.2245,true,true
burn:0x434516d805cfbc1a76d74482e60be41893ef11411f5a7512cb7ddabc9a80bb14#11271435,0x88e6a0c2ddd26feeb64f039a2c41296fcb3f5640,0x434516d805cfbc1a76d74482e60be41893ef11411f5a7512cb7ddabc9a80bb14,24908096,36,zero_for_one,100,3100838300942.9855,1447544381008.4235,1653293919934.562,true,true
burn:0x434516d805cfbc1a76d74482e60be41893ef11411f5a7512cb7ddabc9a80bb14#11271435,0x88e6a0c2ddd26feeb64f039a2c41296fcb3f5640,0x434516d805cfbc1a76d74482e60be41893ef11411f5a7512cb7ddabc9a80bb14,24908096,36,one_for_zero,10,123596980882391823499.3977012299275756,61850010874460599271.964305158523906,61746970007931224227.4333960714036696,true,true
burn:0x434516d805cfbc1a76d74482e60be41893ef11411f5a7512cb7ddabc9a80bb14#11271435,0x88e6a0c2ddd26feeb64f039a2c41296fcb3f5640,0x434516d805cfbc1a76d74482e60be41893ef11411f5a7512cb7ddabc9a80bb14,24908096,36,one_for_zero,50,399873160067143462356.945231150675579,309919220460959524992.7049566292155875,89953939606183937364.2402745214599915,true,true
burn:0x434516d805cfbc1a76d74482e60be41893ef11411f5a7512cb7ddabc9a80bb14#11271435,0x88e6a0c2ddd26feeb64f039a2c41296fcb3f5640,0x434516d805cfbc1a76d74482e60be41893ef11411f5a7512cb7ddabc9a80bb14,24908096,36,one_for_zero,100,711020535668276622759.935052891790864,618651259167927467469.949159535067628,92369276500349155289.985893356723236,true,true
burn:0x0912d1946b69c6a3a34d75aaefdc79943e7eb6f5d736843371bbc87df6596845#11271437,0x88e6a0c2ddd26feeb64f039a2c41296fcb3f5640,0x0912d1946b69c6a3a34d75aaefdc79943e7eb6f5d736843371bbc87df6596845,24908097,540,zero_for_one,10,146204389697.94944,146202383985.88876,2005712.06068,true,true
burn:0x0912d1946b69c6a3a34d75aaefdc79943e7eb6f5d736843371bbc87df6596845#11271437,0x88e6a0c2ddd26feeb64f039a2c41296fcb3f5640,0x0912d1946b69c6a3a34d75aaefdc79943e7eb6f5d736843371bbc87df6596845,24908097,540,zero_for_one,50,732716600511.9274,732708100828.5825,8499683.3449,true,true
burn:0x0912d1946b69c6a3a34d75aaefdc79943e7eb6f5d736843371bbc87df6596845#11271437,0x88e6a0c2ddd26feeb64f039a2c41296fcb3f5640,0x0912d1946b69c6a3a34d75aaefdc79943e7eb6f5d736843371bbc87df6596845,24908097,540,zero_for_one,100,1447544381008.4235,1447533388650.3437,10992358.0798,true,true
burn:0x0912d1946b69c6a3a34d75aaefdc79943e7eb6f5d736843371bbc87df6596845#11271437,0x88e6a0c2ddd26feeb64f039a2c41296fcb3f5640,0x0912d1946b69c6a3a34d75aaefdc79943e7eb6f5d736843371bbc87df6596845,24908097,540,one_for_zero,10,61850010874460599271.964305158523906,61849162152730990249.4386696969188724,848721729609022.5256354616050336,true,true
burn:0x0912d1946b69c6a3a34d75aaefdc79943e7eb6f5d736843371bbc87df6596845#11271437,0x88e6a0c2ddd26feeb64f039a2c41296fcb3f5640,0x0912d1946b69c6a3a34d75aaefdc79943e7eb6f5d736843371bbc87df6596845,24908097,540,one_for_zero,50,309919220460959524992.7049566292155875,309914980325964625642.1978569469163935,4240134994899350.507099682299194,true,true
burn:0x0912d1946b69c6a3a34d75aaefdc79943e7eb6f5d736843371bbc87df6596845#11271437,0x88e6a0c2ddd26feeb64f039a2c41296fcb3f5640,0x0912d1946b69c6a3a34d75aaefdc79943e7eb6f5d736843371bbc87df6596845,24908097,540,one_for_zero,100,618651259167927467469.949159535067628,618643098744109037002.844375760220143,8160423818430467.104783774847485,true,true
burn:0x1b4a721a9c4069d1483df877b4fb8c6745848231774fe18c8c89c2b24780d5f6#11271441,0x88e6a0c2ddd26feeb64f039a2c41296fcb3f5640,0x1b4a721a9c4069d1483df877b4fb8c6745848231774fe18c8c89c2b24780d5f6,24908105,50,zero_for_one,10,146195009265.86832,146195009265.86832,0,true,true
burn:0x1b4a721a9c4069d1483df877b4fb8c6745848231774fe18c8c89c2b24780d5f6#11271441,0x88e6a0c2ddd26feeb64f039a2c41296fcb3f5640,0x1b4a721a9c4069d1483df877b4fb8c6745848231774fe18c8c89c2b24780d5f6,24908105,50,zero_for_one,50,732729515446.8478,732729515446.8478,0,true,true
burn:0x1b4a721a9c4069d1483df877b4fb8c6745848231774fe18c8c89c2b24780d5f6#11271441,0x88e6a0c2ddd26feeb64f039a2c41296fcb3f5640,0x1b4a721a9c4069d1483df877b4fb8c6745848231774fe18c8c89c2b24780d5f6,24908105,50,zero_for_one,100,1447985391787.7371,1447985391787.7371,0,true,true
burn:0x1b4a721a9c4069d1483df877b4fb8c6745848231774fe18c8c89c2b24780d5f6#11271441,0x88e6a0c2ddd26feeb64f039a2c41296fcb3f5640,0x1b4a721a9c4069d1483df877b4fb8c6745848231774fe18c8c89c2b24780d5f6,24908105,50,one_for_zero,10,61858654343856158226.9597989616676968,61858654343856158226.9597989616676968,0,true,true
burn:0x1b4a721a9c4069d1483df877b4fb8c6745848231774fe18c8c89c2b24780d5f6#11271441,0x88e6a0c2ddd26feeb64f039a2c41296fcb3f5640,0x1b4a721a9c4069d1483df877b4fb8c6745848231774fe18c8c89c2b24780d5f6,24908105,50,one_for_zero,50,309958394747192251130.217729415658874,309958394747192251130.217729415658874,0,true,true
burn:0x1b4a721a9c4069d1483df877b4fb8c6745848231774fe18c8c89c2b24780d5f6#11271441,0x88e6a0c2ddd26feeb64f039a2c41296fcb3f5640,0x1b4a721a9c4069d1483df877b4fb8c6745848231774fe18c8c89c2b24780d5f6,24908105,50,one_for_zero,100,618678915767325943385.529584500770905,618678915767325943385.529584500770905,0,true,true
burn:0x3050e0ca7ba01f0615009d9fc347e532de8d1a522a53df407d577bca36fd5874#11271502,0x88e6a0c2ddd26feeb64f039a2c41296fcb3f5640,0x3050e0ca7ba01f0615009d9fc347e532de8d1a522a53df407d577bca36fd5874,24908202,22,zero_for_one,10,146215286597.86168,146215286597.86168,0,true,true
burn:0x3050e0ca7ba01f0615009d9fc347e532de8d1a522a53df407d577bca36fd5874#11271502,0x88e6a0c2ddd26feeb64f039a2c41296fcb3f5640,0x3050e0ca7ba01f0615009d9fc347e532de8d1a522a53df407d577bca36fd5874,24908202,22,zero_for_one,50,732714439719.0538,732714439719.0538,0,true,true
burn:0x3050e0ca7ba01f0615009d9fc347e532de8d1a522a53df407d577bca36fd5874#11271502,0x88e6a0c2ddd26feeb64f039a2c41296fcb3f5640,0x3050e0ca7ba01f0615009d9fc347e532de8d1a522a53df407d577bca36fd5874,24908202,22,zero_for_one,100,1447150672499.5948,1447150672499.5948,0,true,true
burn:0x3050e0ca7ba01f0615009d9fc347e532de8d1a522a53df407d577bca36fd5874#11271502,0x88e6a0c2ddd26feeb64f039a2c41296fcb3f5640,0x3050e0ca7ba01f0615009d9fc347e532de8d1a522a53df407d577bca36fd5874,24908202,22,one_for_zero,10,61859126966748886522.652076035124288,61859126966748886522.652076035124288,0,true,true
burn:0x3050e0ca7ba01f0615009d9fc347e532de8d1a522a53df407d577bca36fd5874#11271502,0x88e6a0c2ddd26feeb64f039a2c41296fcb3f5640,0x3050e0ca7ba01f0615009d9fc347e532de8d1a522a53df407d577bca36fd5874,24908202,22,one_for_zero,50,310153384223828129133.569208233371379,310153384223828129133.569208233371379,0,true,true
burn:0x3050e0ca7ba01f0615009d9fc347e532de8d1a522a53df407d577bca36fd5874#11271502,0x88e6a0c2ddd26feeb64f039a2c41296fcb3f5640,0x3050e0ca7ba01f0615009d9fc347e532de8d1a522a53df407d577bca36fd5874,24908202,22,one_for_zero,100,619235746851459782558.616247102433182,619235746851459782558.616247102433182,0,true,true
burn:0xc9013693c051e6e55b860c4f5d18de169557357f610fd70fcd6afc813be5b21d#11271519,0x88e6a0c2ddd26feeb64f039a2c41296fcb3f5640,0xc9013693c051e6e55b860c4f5d18de169557357f610fd70fcd6afc813be5b21d,24908228,115,zero_for_one,10,1015487596071.1811,146183175036.40352,869304421034.77758,true,true
burn:0xc9013693c051e6e55b860c4f5d18de169557357f610fd70fcd6afc813be5b21d#11271519,0x88e6a0c2ddd26feeb64f039a2c41296fcb3f5640,0xc9013693c051e6e55b860c4f5d18de169557357f610fd70fcd6afc813be5b21d,24908228,115,zero_for_one,50,1765840846972.3431,732797900239.2728,1033042946733.0703,true,true
burn:0xc9013693c051e6e55b860c4f5d18de169557357f610fd70fcd6afc813be5b21d#11271519,0x88e6a0c2ddd26feeb64f039a2c41296fcb3f5640,0xc9013693c051e6e55b860c4f5d18de169557357f610fd70fcd6afc813be5b21d,24908228,115,zero_for_one,100,2526458419304.5817,1449107088696.6959,1077351330607.8858,true,true
burn:0xc9013693c051e6e55b860c4f5d18de169557357f610fd70fcd6afc813be5b21d#11271519,0x88e6a0c2ddd26feeb64f039a2c41296fcb3f5640,0xc9013693c051e6e55b860c4f5d18de169557357f610fd70fcd6afc813be5b21d,24908228,115,one_for_zero,10,692392720390885656638.692766098485624,61918670260113717348.946454826503374,630474050130771939289.74631127198225,true,true
burn:0xc9013693c051e6e55b860c4f5d18de169557357f610fd70fcd6afc813be5b21d#11271519,0x88e6a0c2ddd26feeb64f039a2c41296fcb3f5640,0xc9013693c051e6e55b860c4f5d18de169557357f610fd70fcd6afc813be5b21d,24908228,115,one_for_zero,50,1204799949690441679633.765798703836588,310375936964926299818.78987784269908,894424012725515379814.975920861137508,true,true
burn:0xc9013693c051e6e55b860c4f5d18de169557357f610fd70fcd6afc813be5b21d#11271519,0x88e6a0c2ddd26feeb64f039a2c41296fcb3f5640,0xc9013693c051e6e55b860c4f5d18de169557357f610fd70fcd6afc813be5b21d,24908228,115,one_for_zero,100,1575065471983303769123.335951278393313,619423422146386949574.893293380640712,955642049836916819548.442657897752601,true,true
burn:0x6d019e8b6aec842569f2b7e98470f0e3ec79ac1b46a966e7dc7c109510052775#11271522,0x88e6a0c2ddd26feeb64f039a2c41296fcb3f5640,0x6d019e8b6aec842569f2b7e98470f0e3ec79ac1b46a966e7dc7c109510052775,24908235,930,zero_for_one,10,146180765551.37864,146178779912.59448,1985638.78416,true,true
burn:0x6d019e8b6aec842569f2b7e98470f0e3ec79ac1b46a966e7dc7c109510052775#11271522,0x88e6a0c2ddd26feeb64f039a2c41296fcb3f5640,0x6d019e8b6aec842569f2b7e98470f0e3ec79ac1b46a966e7dc7c109510052775,24908235,930,zero_for_one,50,732801658926.8157,732792321636.00305,9337290.81265,true,true
burn:0x6d019e8b6aec842569f2b7e98470f0e3ec79ac1b46a966e7dc7c109510052775#11271522,0x88e6a0c2ddd26feeb64f039a2c41296fcb3f5640,0x6d019e8b6aec842569f2b7e98470f0e3ec79ac1b46a966e7dc7c109510052775,24908235,930,zero_for_one,100,1449248054822.1634,1449234534745.0456,13520077.1178,true,true
burn:0x6d019e8b6aec842569f2b7e98470f0e3ec79ac1b46a966e7dc7c109510052775#11271522,0x88e6a0c2ddd26feeb64f039a2c41296fcb3f5640,0x6d019e8b6aec842569f2b7e98470f0e3ec79ac1b46a966e7dc7c109510052775,24908235,930,one_for_zero,10,61924265882354525893.9931270728066592,61923424982637384187.802871253687962,840899717141706.1902558191186972,true,true
burn:0x6d019e8b6aec842569f2b7e98470f0e3ec79ac1b46a966e7dc7c109510052775#11271522,0x88e6a0c2ddd26feeb64f039a2c41296fcb3f5640,0x6d019e8b6aec842569f2b7e98470f0e3ec79ac1b46a966e7dc7c109510052775,24908235,930,one_for_zero,50,310393087583586717599.446557400589679,310388885611186098212.3383390628348025,4201972400619387.1082183377548765,true,true
burn:0x6d019e8b6aec842569f2b7e98470f0e3ec79ac1b46a966e7dc7c109510052775#11271522,0x88e6a0c2ddd26feeb64f039a2c41296fcb3f5640,0x6d019e8b6aec842569f2b7e98470f0e3ec79ac1b46a966e7dc7c109510052775,24908235,930,one_for_zero,100,619437258652097022130.132573181652056,619429338741267495754.52254473259861,7919910829526375.610028449053446,true,true
burn:0x3be4b8aa72bbae99ea3d46ddb1692078c5afb9aacb87430c55ee8651501d8939#11271574,0x88e6a0c2ddd26feeb64f039a2c41296fcb3f5640,0x3be4b8aa72bbae99ea3d46ddb1692078c5afb9aacb87430c55ee8651501d8939,24908394,553,zero_for_one,10,146354238981.1394,146354230058.11508,8923.02432,true,true
burn:0x3be4b8aa72bbae99ea3d46ddb1692078c5afb9aacb87430c55ee8651501d8939#11271574,0x88e6a0c2ddd26feeb64f039a2c41296fcb3f5640,0x3be4b8aa72bbae99ea3d46ddb1692078c5afb9aacb87430c55ee8651501d8939,24908394,553,zero_for_one,50,732786477600.2068,732786432764.6952,44835.5116,true,true
burn:0x3be4b8aa72bbae99ea3d46ddb1692078c5afb9aacb87430c55ee8651501d8939#11271574,0x88e6a0c2ddd26feeb64f039a2c41296fcb3f5640,0x3be4b8aa72bbae99ea3d46ddb1692078c5afb9aacb87430c55ee8651501d8939,24908394,553,zero_for_one,100,1443931683202.7056,1443931592735.5609,90467.1447,true,true
burn:0x3be4b8aa72bbae99ea3d46ddb1692078c5afb9aacb87430c55ee8651501d8939#11271574,0x88e6a0c2ddd26feeb64f039a2c41296fcb3f5640,0x3be4b8aa72bbae99ea3d46ddb1692078c5afb9aacb87430c55ee8651501d8939,24908394,553,one_for_zero,10,61841134238742262995.9674883106941732,61841130320641530936.1288346582763944,3918100732059.8386536524177788,true,true
burn:0x3be4b8aa72bbae99ea3d46ddb1692078c5afb9aacb87430c55ee8651501d8939#11271574,0x88e6a0c2ddd26feeb64f039a2c41296fcb3f5640,0x3be4b8aa72bbae99ea3d46ddb1692078c5afb9aacb87430c55ee8651501d8939,24908394,553,one_for_zero,50,309935658694027582568.576080152746548,309935639713477011125.10423673869296,18980550571443.471843414053588,true,true
burn:0x3be4b8aa72bbae99ea3d46ddb1692078c5afb9aacb87430c55ee8651501d8939#11271574,0x88e6a0c2ddd26feeb64f039a2c41296fcb3f5640,0x3be4b8aa72bbae99ea3d46ddb1692078c5afb9aacb87430c55ee8651501d8939,24908394,553,one_for_zero,100,619206448069779521966.483463537973891,619206410530341801177.821480595125539,37539437720788.661982942848352,true,true
burn:0x8a2e297ffb313f835cc6569e2de074ef8d2c22a0b98d49e9dd0957fbcaf631c8#11271601,0x88e6a0c2ddd26feeb64f039a2c41296fcb3f5640,0x8a2e297ffb313f835cc6569e2de074ef8d2c22a0b98d49e9dd0957fbcaf631c8,24908456,58,zero_for_one,10,173183237629.52964,146345275946.37928,26837961683.15036,true,true
burn:0x8a2e297ffb313f835cc6569e2de074ef8d2c22a0b98d49e9dd0957fbcaf631c8#11271601,0x88e6a0c2ddd26feeb64f039a2c41296fcb3f5640,0x8a2e297ffb313f835cc6569e2de074ef8d2c22a0b98d49e9dd0957fbcaf631c8,24908456,58,zero_for_one,50,761194007567.8679,732847597889.66265,28346409678.20525,true,true
burn:0x8a2e297ffb313f835cc6569e2de074ef8d2c22a0b98d49e9dd0957fbcaf631c8#11271601,0x88e6a0c2ddd26feeb64f039a2c41296fcb3f5640,0x8a2e297ffb313f835cc6569e2de074ef8d2c22a0b98d49e9dd0957fbcaf631c8,24908456,58,zero_for_one,100,1472435509959.3311,1444547665318.2049,27887844641.1262,true,true
burn:0x8a2e297ffb313f835cc6569e2de074ef8d2c22a0b98d49e9dd0957fbcaf631c8#11271601,0x88e6a0c2ddd26feeb64f039a2c41296fcb3f5640,0x8a2e297ffb313f835cc6569e2de074ef8d2c22a0b98d49e9dd0957fbcaf631c8,24908456,58,one_for_zero,10,663439877256304244303.761872048480202,61847057336788308136.1575921228159764,601592819919515936167.6042799256642256,true,true
burn:0x8a2e297ffb313f835cc6569e2de074ef8d2c22a0b98d49e9dd0957fbcaf631c8#11271601,0x88e6a0c2ddd26feeb64f039a2c41296fcb3f5640,0x8a2e297ffb313f835cc6569e2de074ef8d2c22a0b98d49e9dd0957fbcaf631c8,24908456,58,one_for_zero,50,1196427220721549233387.365005860032088,309988843212934997108.8017867140382065,886438377508614236278.5632191459938815,true,true
burn:0x8a2e297ffb313f835cc6569e2de074ef8d2c22a0b98d49e9dd0957fbcaf631c8#11271601,0x88e6a0c2ddd26feeb64f039a2c41296fcb3f5640,0x8a2e297ffb313f835cc6569e2de074ef8d2c22a0b98d49e9dd0957fbcaf631c8,24908456,58,one_for_zero,100,1567748940697390545947.995489313821003,619259234913555015150.5821594315822,948489705783835530797.413329882238803,true,true
burn:0x85517e804e334d968f4f3d0c533d525001790171921da190ec9ea6b7cc36499f#11271607,0x88e6a0c2ddd26feeb64f039a2c41296fcb3f5640,0x85517e804e334d968f4f3d0c533d525001790171921da190ec9ea6b7cc36499f,24908472,634,zero_for_one,10,146294983958.26248,146290984383.57892,3999574.68356,true,true
burn:0x85517e804e334d968f4f3d0c533d525001790171921da190ec9ea6b7cc36499f#11271607,0x88e6a0c2ddd26feeb64f039a2c41296fcb3f5640,0x85517e804e334d968f4f3d0c533d525001790171921da190ec9ea6b7cc36499f,24908472,634,zero_for_one,50,733107549188.58785,733087413698.5748,20135490.01305,true,true
burn:0x85517e804e334d968f4f3d0c533d525001790171921da190ec9ea6b7cc36499f#11271607,0x88e6a0c2ddd26feeb64f039a2c41296fcb3f5640,0x85517e804e334d968f4f3d0c533d525001790171921da190ec9ea6b7cc36499f,24908472,634,zero_for_one,100,1447893163937.2451,1447858754355.1378,34409582.1073,true,true
burn:0x85517e804e334d968f4f3d0c533d525001790171921da190ec9ea6b7cc36499f#11271607,0x88e6a0c2ddd26feeb64f039a2c41296fcb3f5640,0x85517e804e334d968f4f3d0c533d525001790171921da190ec9ea6b7cc36499f,24908472,634,one_for_zero,10,61890949762943124055.1764784613882716,61889258448656667193.9104339977054184,1691314286456861.2660444636828532,true,true
burn:0x85517e804e334d968f4f3d0c533d525001790171921da190ec9ea6b7cc36499f#11271607,0x88e6a0c2ddd26feeb64f039a2c41296fcb3f5640,0x85517e804e334d968f4f3d0c533d525001790171921da190ec9ea6b7cc36499f,24908472,634,one_for_zero,50,310312668813707925223.3505648242405515,310304221354045571639.2524670194224055,8447459662353584.098097804818146,true,true
burn:0x85517e804e334d968f4f3d0c533d525001790171921da190ec9ea6b7cc36499f#11271607,0x88e6a0c2ddd26feeb64f039a2c41296fcb3f5640,0x85517e804e334d968f4f3d0c533d525001790171921da190ec9ea6b7cc36499f,24908472,634,one_for_zero,100,619560801586646142497.485113663176413,619545899091016945210.085787242423789,14902495629197287.399326420752624,true,true
burn:0x8d5bb1cbc0a03331f91f372d5c98212e3b12be660ff123f6d00e0b4cabb29e28#11271610,0x88e6a0c2ddd26feeb64f039a2c41296fcb3f5640,0x8d5bb1cbc0a03331f91f372d5c98212e3b12be660ff123f6d00e0b4cabb29e28,24908480,85,zero_for_one,10,146289396191.8376,146289396191.8376,0,true,true
burn:0x8d5bb1cbc0a03331f91f372d5c98212e3b12be660ff123f6d00e0b4cabb29e28#11271610,0x88e6a0c2ddd26feeb64f039a2c41296fcb3f5640,0x8d5bb1cbc0a03331f91f372d5c98212e3b12be660ff123f6d00e0b4cabb29e28,24908480,85,zero_for_one,50,733093024506.9331,733093024506.9331,0,true,true
burn:0x8d5bb1cbc0a03331f91f372d5c98212e3b12be660ff123f6d00e0b4cabb29e28#11271610,0x88e6a0c2ddd26feeb64f039a2c41296fcb3f5640,0x8d5bb1cbc0a03331f91f372d5c98212e3b12be660ff123f6d00e0b4cabb29e28,24908480,85,zero_for_one,100,1447958454974.3513,1447958454974.3513,0,true,true
burn:0x8d5bb1cbc0a03331f91f372d5c98212e3b12be660ff123f6d00e0b4cabb29e28#11271610,0x88e6a0c2ddd26feeb64f039a2c41296fcb3f5640,0x8d5bb1cbc0a03331f91f372d5c98212e3b12be660ff123f6d00e0b4cabb29e28,24908480,85,one_for_zero,10,61891490538356662121.74137021262141,61891490538356662121.74137021262141,0,true,true
burn:0x8d5bb1cbc0a03331f91f372d5c98212e3b12be660ff123f6d00e0b4cabb29e28#11271610,0x88e6a0c2ddd26feeb64f039a2c41296fcb3f5640,0x8d5bb1cbc0a03331f91f372d5c98212e3b12be660ff123f6d00e0b4cabb29e28,24908480,85,one_for_zero,50,310314883015687938980.437970464622551,310314883015687938980.437970464622551,0,true,true
burn:0x8d5bb1cbc0a03331f91f372d5c98212e3b12be660ff123f6d00e0b4cabb29e28#11271610,0x88e6a0c2ddd26feeb64f039a2c41296fcb3f5640,0x8d5bb1cbc0a03331f91f372d5c98212e3b12be660ff123f6d00e0b4cabb29e28,24908480,85,one_for_zero,100,619555282992564004233.871352539050982,619555282992564004233.871352539050982,0,true,true
burn:0xd556495874b2c701888f2b2f17304a9559b7400ec0c5b5236db9efbead88e8f9#11271612,0x88e6a0c2ddd26feeb64f039a2c41296fcb3f5640,0xd556495874b2c701888f2b2f17304a9559b7400ec0c5b5236db9efbead88e8f9,24908486,46,zero_for_one,10,146284946815.44932,146266210921.08016,18735894.36916,true,true
burn:0xd556495874b2c701888f2b2f17304a9559b7400ec0c5b5236db9efbead88e8f9#11271612,0x88e6a0c2ddd26feeb64f039a2c41296fcb3f5640,0xd556495874b2c701888f2b2f17304a9559b7400ec0c5b5236db9efbead88e8f9,24908486,46,zero_for_one,50,733107918474.0678,733013615503.60005,94302970.46775,true,true
burn:0xd556495874b2c701888f2b2f17304a9559b7400ec0c5b5236db9efbead88e8f9#11271612,0x88e6a0c2ddd26feeb64f039a2c41296fcb3f5640,0xd556495874b2c701888f2b2f17304a9559b7400ec0c5b5236db9efbead88e8f9,24908486,46,zero_for_one,100,1448235583866.3899,1448044891672.0037,190692194.3862,true,true
burn:0xd556495874b2c701888f2b2f17304a9559b7400ec0c5b5236db9efbead88e8f9#11271612,0x88e6a0c2ddd26feeb64f039a2c41296fcb3f5640,0xd556495874b2c701888f2b2f17304a9559b7400ec0c5b5236db9efbead88e8f9,24908486,46,one_for_zero,10,61898096775948853006.231278500373808,61890171033692157242.8241971461266168,7925742256695763.4070813542471912,true,true
burn:0xd556495874b2c701888f2b2f17304a9559b7400ec0c5b5236db9efbead88e8f9#11271612,0x88e6a0c2ddd26feeb64f039a2c41296fcb3f5640,0xd556495874b2c701888f2b2f17304a9559b7400ec0c5b5236db9efbead88e8f9,24908486,46,one_for_zero,50,310344863023807512154.6326239387668145,310305260609596212478.018626907978596,39602414211299676.6139970307882185,true,true
burn:0xd556495874b2c701888f2b2f17304a9559b7400ec0c5b5236db9efbead88e8f9#11271612,0x88e6a0c2ddd26feeb64f039a2c41296fcb3f5640,0xd556495874b2c701888f2b2f17304a9559b7400ec0c5b5236db9efbead88e8f9,24908486,46,one_for_zero,100,619581467900181388814.640855426275794,619502672716881462602.699654255556221,78795183299926211.941201170719573,true,true
burn:0x8d63e7871c97b540531927be5a02332d2262b25564a2ed1315b7e6d62360baa4#11271643,0x88e6a0c2ddd26feeb64f039a2c41296fcb3f5640,0x8d63e7871c97b540531927be5a02332d2262b25564a2ed1315b7e6d62360baa4,24908517,1004,zero_for_one,10,146407678263.87164,146407678263.87164,0,true,true
burn:0x8d63e7871c97b540531927be5a02332d2262b25564a2ed1315b7e6d62360baa4#11271643,0x88e6a0c2ddd26feeb64f039a2c41296fcb3f5640,0x8d63e7871c97b540531927be5a02332d2262b25564a2ed1315b7e6d62360baa4,24908517,1004,zero_for_one,50,733407010964.01215,733407010964.01215,0,true,true
burn:0x8d63e7871c97b540531927be5a02332d2262b25564a2ed1315b7e6d62360baa4#11271643,0x88e6a0c2ddd26feeb64f039a2c41296fcb3f5640,0x8d63e7871c97b540531927be5a02332d2262b25564a2ed1315b7e6d62360baa4,24908517,1004,zero_for_one,100,1455307098339.2001,1455307098339.2001,0,true,true
burn:0x8d63e7871c97b540531927be5a02332d2262b25564a2ed1315b7e6d62360baa4#11271643,0x88e6a0c2ddd26feeb64f039a2c41296fcb3f5640,0x8d63e7871c97b540531927be5a02332d2262b25564a2ed1315b7e6d62360baa4,24908517,1004,one_for_zero,10,62114860750356195797.4037374265421616,62114860750356195797.4037374265421616,0,true,true
burn:0x8d63e7871c97b540531927be5a02332d2262b25564a2ed1315b7e6d62360baa4#11271643,0x88e6a0c2ddd26feeb64f039a2c41296fcb3f5640,0x8d63e7871c97b540531927be5a02332d2262b25564a2ed1315b7e6d62360baa4,24908517,1004,one_for_zero,50,311088534480771095189.780063451473545,311088534480771095189.780063451473545,0,true,true
burn:0x8d63e7871c97b540531927be5a02332d2262b25564a2ed1315b7e6d62360baa4#11271643,0x88e6a0c2ddd26feeb64f039a2c41296fcb3f5640,0x8d63e7871c97b540531927be5a02332d2262b25564a2ed1315b7e6d62360baa4,24908517,1004,one_for_zero,100,620037876201322342963.728497971846224,619713243790945124785.384588307234991,324632410377218178.343909664611233,true,true
burn:0x355ddc5d7055b47c366e456349b619cadb4176e58e64b948cb0dad251c55ffbd#11271651,0x88e6a0c2ddd26feeb64f039a2c41296fcb3f5640,0x355ddc5d7055b47c366e456349b619cadb4176e58e64b948cb0dad251c55ffbd,24908550,129,zero_for_one,10,146348139179.55036,146344141857.6044,3997321.94596,true,true
burn:0x355ddc5d7055b47c366e456349b619cadb4176e58e64b948cb0dad251c55ffbd#11271651,0x88e6a0c2ddd26feeb64f039a2c41296fcb3f5640,0x355ddc5d7055b47c366e456349b619cadb4176e58e64b948cb0dad251c55ffbd,24908550,129,zero_for_one,50,733305946335.02245,733285868328.68595,20078006.3365,true,true
burn:0x355ddc5d7055b47c366e456349b619cadb4176e58e64b948cb0dad251c55ffbd#11271651,0x88e6a0c2ddd26feeb64f039a2c41296fcb3f5640,0x355ddc5d7055b47c366e456349b619cadb4176e58e64b948cb0dad251c55ffbd,24908550,129,zero_for_one,100,1454092903484.3885,1454056881609.0624,36021875.3261,true,true
burn:0x355ddc5d7055b47c366e456349b619cadb4176e58e64b948cb0dad251c55ffbd#11271651,0x88e6a0c2ddd26feeb64f039a2c41296fcb3f5640,0x355ddc5d7055b47c366e456349b619cadb4176e58e64b948cb0dad251c55ffbd,24908550,129,one_for_zero,10,62095137893792538202.783841630615634,62093444339073981198.789242488691366,1693554718557003.994599141924268,true,true
burn:0x355ddc5d7055b47c366e456349b619cadb4176e58e64b948cb0dad251c55ffbd#11271651,0x88e6a0c2ddd26feeb64f039a2c41296fcb3f5640,0x355ddc5d7055b47c366e456349b619cadb4176e58e64b948cb0dad251c55ffbd,24908550,129,one_for_zero,50,310986429118709729693.8585925427074255,310978039424148633623.256468951501352,8389694561096070.6021235912060735,true,true
burn:0x355ddc5d7055b47c366e456349b619cadb4176e58e64b948cb0dad251c55ffbd#11271651,0x88e6a0c2ddd26feeb64f039a2c41296fcb3f5640,0x355ddc5d7055b47c366e456349b619cadb4176e58e64b948cb0dad251c55ffbd,24908550,129,one_for_zero,100,619691162463875153148.08874781495699,619676914113374509848.010843165336412,14248350500643300.077904649620578,true,true
burn:0x1a25e8e893d28dbb752308a71994a5754d250b2a19be71dbed3de51243e91c04#11271654,0x88e6a0c2ddd26feeb64f039a2c41296fcb3f5640,0x1a25e8e893d28dbb752308a71994a5754d250b2a19be71dbed3de51243e91c04,24908551,173,zero_for_one,10,1091656737174.3259,146344062337.18616,945312674837.13974,true,true
burn:0x1a25e8e893d28dbb752308a71994a5754d250b2a19be71dbed3de51243e91c04#11271654,0x88e6a0c2ddd26feeb64f039a2c41296fcb3f5640,0x1a25e8e893d28dbb752308a71994a5754d250b2a19be71dbed3de51243e91c04,24908551,173,zero_for_one,50,1938596704244.229,733285751836.68145,1205310952407.54755,true,true
burn:0x1a25e8e893d28dbb752308a71994a5754d250b2a19be71dbed3de51243e91c04#11271654,0x88e6a0c2ddd26feeb64f039a2c41296fcb3f5640,0x1a25e8e893d28dbb752308a71994a5754d250b2a19be71dbed3de51243e91c04,24908551,173,zero_for_one,100,2680385333449.8491,1454055613892.7134,1226329719557.1357,true,true
burn:0x1a25e8e893d28dbb752308a71994a5754d250b2a19be71dbed3de51243e91c04#11271654,0x88e6a0c2ddd26feeb64f039a2c41296fcb3f5640,0x1a25e8e893d28dbb752308a71994a5754d250b2a19be71dbed3de51243e91c04,24908551,173,one_for_zero,10,466421282543611974316.424895311229191,62093428297876339978.9105921764522816,404327854245735634337.5143031347769094,true,true
burn:0x1a25e8e893d28dbb752308a71994a5754d250b2a19be71dbed3de51243e91c04#11271654,0x88e6a0c2ddd26feeb64f039a2c41296fcb3f5640,0x1a25e8e893d28dbb752308a71994a5754d250b2a19be71dbed3de51243e91c04,24908551,173,one_for_zero,50,808572871559388422556.739319462198543,310977933575746226385.2036109584534275,497594937983642196171.5357085037451155,true,true
burn:0x1a25e8e893d28dbb752308a71994a5754d250b2a19be71dbed3de51243e91c04#11271654,0x88e6a0c2ddd26feeb64f039a2c41296fcb3f5640,0x1a25e8e893d28dbb752308a71994a5754d250b2a19be71dbed3de51243e91c04,24908551,173,one_for_zero,100,1163513103917549024383.159641296551603,619676881096707484904.453951248542696,543836222820841539478.705690048008907,true,true
burn:0x7ba0049334ce83d78016cf5e4533fcd280d767a14c9b5e160bca8dab4f3c8714#11271892,0x88e6a0c2ddd26feeb64f039a2c41296fcb3f5640,0x7ba0049334ce83d78016cf5e4533fcd280d767a14c9b5e160bca8dab4f3c8714,24908743,377,zero_for_one,10,146414746463.9638,146414746463.9638,0,true,true
burn:0x7ba0049334ce83d78016cf5e4533fcd280d767a14c9b5e160bca8dab4f3c8714#11271892,0x88e6a0c2ddd26feeb64f039a2c41296fcb3f5640,0x7ba0049334ce83d78016cf5e4533fcd280d767a14c9b5e160bca8dab4f3c8714,24908743,377,zero_for_one,50,733581822717.6183,733581822717.6183,0,true,true
burn:0x7ba0049334ce83d78016cf5e4533fcd280d767a14c9b5e160bca8dab4f3c8714#11271892,0x88e6a0c2ddd26feeb64f039a2c41296fcb3f5640,0x7ba0049334ce83d78016cf5e4533fcd280d767a14c9b5e160bca8dab4f3c8714,24908743,377,zero_for_one,100,1458138929295.7831,1458138929295.7831,0,true,true
burn:0x7ba0049334ce83d78016cf5e4533fcd280d767a14c9b5e160bca8dab4f3c8714#11271892,0x88e6a0c2ddd26feeb64f039a2c41296fcb3f5640,0x7ba0049334ce83d78016cf5e4533fcd280d767a14c9b5e160bca8dab4f3c8714,24908743,377,one_for_zero,10,62205359431083200967.4310226752169188,62205359431083200967.4310226752169188,0,true,true
burn:0x7ba0049334ce83d78016cf5e4533fcd280d767a14c9b5e160bca8dab4f3c8714#11271892,0x88e6a0c2ddd26feeb64f039a2c41296fcb3f5640,0x7ba0049334ce83d78016cf5e4533fcd280d767a14c9b5e160bca8dab4f3c8714,24908743,377,one_for_zero,50,311344359616947267619.4474452923057225,311344359616947267619.4474452923057225,0,true,true
burn:0x7ba0049334ce83d78016cf5e4533fcd280d767a14c9b5e160bca8dab4f3c8714#11271892,0x88e6a0c2ddd26feeb64f039a2c41296fcb3f5640,0x7ba0049334ce83d78016cf5e4533fcd280d767a14c9b5e160bca8dab4f3c8714,24908743,377,one_for_zero,100,619703266655585498649.539474089662526,619703266655585498649.539474089662526,0,true,true
burn:0xb73c5f7e4f797163b2591420121fd95e5440a5b8acae32510948bb05fa52741d#11272114,0x88e6a0c2ddd26feeb64f039a2c41296fcb3f5640,0xb73c5f7e4f797163b2591420121fd95e5440a5b8acae32510948bb05fa52741d,24908876,436,zero_for_one,10,146633338342.45976,146616135984.34144,17202358.11832,true,true
burn:0xb73c5f7e4f797163b2591420121fd95e5440a5b8acae32510948bb05fa52741d#11272114,0x88e6a0c2ddd26feeb64f039a2c41296fcb3f5640,0xb73c5f7e4f797163b2591420121fd95e5440a5b8acae32510948bb05fa52741d,24908876,436,zero_for_one,50,734170886947.7134,734084583031.8748,86303915.8386,true,true
burn:0xb73c5f7e4f797163b2591420121fd95e5440a5b8acae32510948bb05fa52741d#11272114,0x88e6a0c2ddd26feeb64f039a2c41296fcb3f5640,0xb73c5f7e4f797163b2591420121fd95e5440a5b8acae32510948bb05fa52741d,24908876,436,zero_for_one,100,1463716477522.0059,1463540181140.3033,176296381.7026,true,true
burn:0xb73c5f7e4f797163b2591420121fd95e5440a5b8acae32510948bb05fa52741d#11272114,0x88e6a0c2ddd26feeb64f039a2c41296fcb3f5640,0xb73c5f7e4f797163b2591420121fd95e5440a5b8acae32510948bb05fa52741d,24908876,436,one_for_zero,10,62293649869478785590.7652990223229368,62286332775682095083.8840289680308144,7317093796690506.8812700542921224,true,true
burn:0xb73c5f7e4f797163b2591420121fd95e5440a5b8acae32510948bb05fa52741d#11272114,0x88e6a0c2ddd26feeb64f039a2c41296fcb3f5640,0xb73c5f7e4f797163b2591420121fd95e5440a5b8acae32510948bb05fa52741d,24908876,436,one_for_zero,50,311626950751458245681.899890619697041,311590327601653175031.1442277760773375,36623149805070650.7556628436197035,true,true
burn:0xb73c5f7e4f797163b2591420121fd95e5440a5b8acae32510948bb05fa52741d#11272114,0x88e6a0c2ddd26feeb64f039a2c41296fcb3f5640,0xb73c5f7e4f797163b2591420121fd95e5440a5b8acae32510948bb05fa52741d,24908876,436,one_for_zero,100,619054481523763862564.720070881241418,618981601593044478099.594860097383033,72879930719384465.125210783858385,true,true
