event_id,pool_address,tx_hash,block_number,log_index,timestamp,snapshot_block,prior_liquidity_events,prior_swap_events,replayed_events,last_replayed_block,last_replayed_log_index,tick_lower,tick_upper,current_tick,range_location,burn_range_active,range_width,distance_to_lower_tick,distance_to_upper_tick,distance_to_nearest_boundary,distance_outside_range,normalized_distance_outside_range,sqrt_price_x96_before_burn,liquidity_removed,range_liquidity_before_burn,range_liquidity_after_burn,active_liquidity_before_burn,active_liquidity_after_burn,active_liquidity_removed,removal_fraction,range_active_liquidity_share,active_removal_share,range_liquidity_density,removed_liquidity_density,zero_for_one_base_auc_bps,zero_for_one_post_burn_auc_bps,zero_for_one_delta_auc_bps,zero_for_one_lsis_bps,one_for_zero_base_auc_bps,one_for_zero_post_burn_auc_bps,one_for_zero_delta_auc_bps,one_for_zero_lsis_bps,total_lsis_bps,max_directional_lsis_bps
burn:0xa709a6aa684d97e4b6f35a7f52704afecc1536bb2fdc6513af5f5870405bba9a#11270767,0x88e6a0c2ddd26feeb64f039a2c41296fcb3f5640,0xa709a6aa684d97e4b6f35a7f52704afecc1536bb2fdc6513af5f5870405bba9a,24906773,77,2026-04-18T12:31:59Z,24906772,1,1,2,24906773,57,198670,198680,198673,active,true,10,3,7,3,0,0,1632292446322970469741987472646563,92984194229109522432,92984194229109522432,0,95897261083854691419,2913066854745168987,92984194229109522432,1,0.9696230442681995,0.9696230442681995,9298419422910952243.2,9298419422910952243.2,103.7463777969689886,180.3071058393370748,76.5607280423680862,76.5607280423680862,77.369928751441127,206.0347535574872667,128.6648248060461397,128.6648248060461397,205.2255528484142259,128.6648248060461397
burn:0xe93247875ea1274a0255aa4ea43e3be95afaace219422b2480ca9fcfafc0457f#11270793,0x88e6a0c2ddd26feeb64f039a2c41296fcb3f5640,0xe93247875ea1274a0255aa4ea43e3be95afaace219422b2480ca9fcfafc0457f,24906821,224,2026-04-18T12:41:35Z,24906820,0,0,0,,,198190,198490,198682,above_current_tick,false,300,492,192,192,192,0.64,1633033960227309811751869029745967,75445544036965309,75445544036965309,0,2918563188955042863,2918563188955042863,0,1,0,0,251485146789884.3633333333333333,251485146789884.3633333333333333,179.961867351688754,181.530166227475054,1.5682988757863,1.5682988757863,205.6900979846534261,205.6900979846534261,0,0,1.5682988757863,1.5682988757863
burn:0x7770f343e63bc87543d909bd6fb08aa785a45b68ec73171ea2332688eb4c3de8#11270825,0x88e6a0c2ddd26feeb64f039a2c41296fcb3f5640,0x7770f343e63bc87543d909bd6fb08aa785a45b68ec73171ea2332688eb4c3de8,24906868,803,2026-04-18T12:50:59Z,24906867,0,1,1,24906868,450,198490,198570,198661,above_current_tick,false,80,171,91,91,91,1.1375,1631364745656985778849930565399660,10228220133800365,10228220133800365,0,2988802593650015560,2988802593650015560,0,1,0,0,127852751672504.5625,127852751672504.5625,179.9277950990632458,180.0688386456023958,0.14104354653915,0.14104354653915,203.7486067070609065,203.7486067070609065,0,0,0.14104354653915,0.14104354653915
burn:0x4f2e3b0a4321ec2fddac190855da64dbaf35498c05673a3b643e92dffac77624#11270845,0x88e6a0c2ddd26feeb64f039a2c41296fcb3f5640,0x4f2e3b0a4321ec2fddac190855da64dbaf35498c05673a3b643e92dffac77624,24906918,517,2026-04-18T13:00:59Z,24906917,0,2,2,24906918,352,198320,198620,198664,above_current_tick,false,300,344,44,44,44,0.1466666666666667,1631576810310037887821113673629952,78337075538355,78337075538355,0,2988802593650015560,2988802593650015560,0,1,0,0,261123585127.85,261123585127.85,179.8050881978846985,179.8082975452793085,0.00320934739461,0.00320934739461,203.6886494673865692,203.6886494673865692,0,0,0.00320934739461,0.00320934739461
burn:0x292c62c605c5591ea8d75d5d58f762c5923cdf41f88c2b009132c429563c67c9#11270852,0x88e6a0c2ddd26feeb64f039a2c41296fcb3f5640,0x292c62c605c5591ea8d75d5d58f762c5923cdf41f88c2b009132c429563c67c9,24906935,203,2026-04-18T13:04:23Z,24906934,0,0,0,,,198290,198590,198664,above_current_tick,false,300,374,74,74,74,0.2466666666666667,1631565188387628488577651988091069,39422913747768,39422913747768,0,2988883449124027811,2988883449124027811,0,1,0,0,131409712492.56,131409712492.56,179.8141916500270556,179.8155891100183556,0.0013974599913,0.0013974599913,203.6891364606566788,203.6891364606566788,0,0,0.0013974599913,0.0013974599913
burn:0x517f1b5edd9f72e6ff60f0237a0c75d364ac59d385051631beda6c15045143da#11270856,0x88e6a0c2ddd26feeb64f039a2c41296fcb3f5640,0x517f1b5edd9f72e6ff60f0237a0c75d364ac59d385051631beda6c15045143da,24906948,72,2026-04-18T13:06:59Z,24906947,0,0,0,,,182770,209730,198664,active,true,26960,15894,11066,11066,0,0,1631565188494693533857316958226939,1084560033827482,1084560033827482,0,2988924613439503167,2987840053405675685,1084560033827482,1,0.0003628596147761,0.0003628596147761,40228487901.6128338278931751,40228487901.6128338278931751,179.814648384903689,179.8884187801765159,0.0737703952728269,0.0737703952728269,203.6873737793085314,203.7556220066955413,0.0682482273870099,0.0682482273870099,0.1420186226598368,0.0737703952728269
burn:0xa62b0e5af537f966b0109a1615e8113ae116960fc5fd01e8b8904e6d79ff06ef#11270954,0x88e6a0c2ddd26feeb64f039a2c41296fcb3f5640,0xa62b0e5af537f966b0109a1615e8113ae116960fc5fd01e8b8904e6d79ff06ef,24907133,281,2026-04-18T13:43:59Z,24907132,0,0,0,,,202530,205410,198695,below_current_tick,false,2880,3835,6715,3835,3835,1.3315972222222222,1634120692248010823674260202217778,22356106534150,22356106534150,0,2999209074556625216,2999209074556625216,0,1,0,0,7762536991.0243055555555556,7762536991.0243055555555556,177.9988432859939611,177.9988432859939611,0,0,202.8694659055993762,202.8694659055993762,0,0,0,0
burn:0xcee55465ff486d735d465e66ac35161eca75baaaeef8a34227fc963b45236108#11270961,0x88e6a0c2ddd26feeb64f039a2c41296fcb3f5640,0xcee55465ff486d735d465e66ac35161eca75baaaeef8a34227fc963b45236108,24907146,100,2026-04-18T13:46:35Z,24907145,0,0,0,,,197660,198910,198694,active,true,1250,1034,216,216,0,0,1634022528047722886178579198861162,15022701598221759,15022701598221759,0,2999209074556625216,2984186372958403457,15022701598221759,1,0.0050088877516625,0.0050088877516625,12018161278577.4072,12018161278577.4072,178.0622748925523555,179.0676465503430223,1.0053716577906668,1.0053716577906668,202.8993289341870545,203.5378454175388062,0.6385164833517517,0.6385164833517517,1.6438881411424185,1.0053716577906668
burn:0xe573ee8e56433e2e96bce28ef739107a2ad065c7cd7efe0f19678b28ec785e5d#11270984,0x88e6a0c2ddd26feeb64f039a2c41296fcb3f5640,0xe573ee8e56433e2e96bce28ef739107a2ad065c7cd7efe0f19678b28ec785e5d,24907170,64,2026-04-18T13:51:23Z,24907169,1,1,2,24907170,57,198660,198670,198668,active,true,10,8,2,2,0,0,1631875449304636835290872406409614,113190954053190811648,113190954053190811648,0,116166096141086961760,2975142087896150112,113190954053190811648,1,0.9743888949811763,0.9743888949811763,11319095405319081164.8,11319095405319081164.8,35.0920162880653033,180.5454825158959794,145.4534662278306761,145.4534662278306761,145.9293519099683274,204.224995568909134,58.2956436589408066,58.2956436589408066,203.7491098867714827,145.4534662278306761
burn:0x16026e80294278e43173df0188698b527f6016e576e56075706d320ba7afd4c8#11271205,0x88e6a0c2ddd26feeb64f039a2c41296fcb3f5640,0x16026e80294278e43173df0188698b527f6016e576e56075706d320ba7afd4c8,24907626,281,2026-04-18T15:22:47Z,24907625,0,0,0,,,197670,199550,198647,active,true,1880,977,903,903,0,0,1630204561517668330365175328928679,265402576719580,265402576719580,0,3000671084992137871,3000405682415418291,265402576719580,1,0.0000884477402562,0.0000884477402562,141171583361.4787234042553191,141171583361.4787234042553191,180.2602485540957018,180.2784705296697852,0.0182219755740834,0.0182219755740834,202.5569490299463585,202.5737501309115488,0.0168011009651903,0.0168011009651903,0.0350230765392737,0.0182219755740834
burn:0x78a7fe82e88cb8d551e86c70e3995bd419c79d89844e80f74cb003e19040b418#11271252,0x88e6a0c2ddd26feeb64f039a2c41296fcb3f5640,0x78a7fe82e88cb8d551e86c70e3995bd419c79d89844e80f74cb003e19040b418,24907765,208,2026-04-18T15:50:35Z,24907764,0,1,1,24907765,46,198700,201360,198642,below_current_tick,false,2660,58,2718,58,58,0.0218045112781955,1629758675695523786756440662367438,2901480649150639,2913528090733144,12047441582505,3000408898843044729,3000408898843044729,0,0.9958649989952651,0,0,1095311312305.6932330827067669,1090782198928.8116541353383459,180.6571599931394275,180.6571599931394275,0,0,202.6916474581531979,202.8295429673247079,0.13789550917151,0.13789550917151,0.13789550917151,0.13789550917151
burn:0x51d62dce1a7590b2bb2131f67e773eb65cfad690893e88df04f555d436bc1ce8#11271259,0x88e6a0c2ddd26feeb64f039a2c41296fcb3f5640,0x51d62dce1a7590b2bb2131f67e773eb65cfad690893e88df04f555d436bc1ce8,24907770,1192,2026-04-18T15:51:35Z,24907769,0,3,3,24907770,493,199500,200620,198642,below_current_tick,false,1120,858,1978,858,858,0.7660714285714286,1629825210220878719938020862196050,30320589366627,30320589366627,0,3000408898843044729,3000408898843044729,0,1,0,0,27071954791.63125,27071954791.63125,180.5998095240982755,180.5998095240982755,0,0,202.8127861511335745,202.8127861511335745,0,0,0,0
burn:0x24434845d17129aba9b9c327927340a9d56973c6d804f1429813337076e60590#11271337,0x88e6a0c2ddd26feeb64f039a2c41296fcb3f5640,0x24434845d17129aba9b9c327927340a9d56973c6d804f1429813337076e60590,24907915,522,2026-04-18T16:20:35Z,24907914,0,0,0,,,199430,200250,198639,below_current_tick,false,820,791,1611,791,791,0.9646341463414634,1629530799826484371095805472890064,140347662635713,140347662635713,0,3002134808235122630,3002134808235122630,0,1,0,0,171155686141.1134146341463415,171155686141.1134146341463415,180.7432456506474756,180.7432456506474756,0,0,202.7757150488430232,202.7757150488430232,0,0,0,0
burn:0xfb1efa3af8c18f8f2c47375cff0b1b745d45da6c2af7b1fafb71c675fba05a8d#11271354,0x88e6a0c2ddd26feeb64f039a2c41296fcb3f5640,0xfb1efa3af8c18f8f2c47375cff0b1b745d45da6c2af7b1fafb71c675fba05a8d,24907940,266,2026-04-18T16:25:35Z,24907939,0,0,0,,,198520,198820,198613,active,true,300,93,207,93,0,0,1627419139883105054795388894362810,80855474012251,75723525522275407,75642670048263156,2999965322096083875,2999884466622071624,80855474012251,0.0010677721811627,0.0252414669478136,0.0000269521362186,252411751740918.0233333333333333,269518246707.5033333333333333,182.7538389815734864,182.7558885652362862,0.0020495836627998,0.0020495836627998,203.2114216146612806,203.2148339238765636,0.003412309215283,0.003412309215283,0.0054618928780828,0.003412309215283
burn:0x434516d805cfbc1a76d74482e60be41893ef11411f5a7512cb7ddabc9a80bb14#11271435,0x88e6a0c2ddd26feeb64f039a2c41296fcb3f5640,0x434516d805cfbc1a76d74482e60be41893ef11411f5a7512cb7ddabc9a80bb14,24908096,36,2026-04-18T16:56:59Z,24908095,1,1,2,24908096,16,198640,198650,198649,active,true,10,9,1,1,0,0,1630322730713544432765299555049888,50220304649343205376,50220304649343205376,0,53222357128828782635,3002052479485577259,50220304649343205376,1,0.9435941464933829,0.9435941464933829,5022030464934320537.6,5022030464934320537.6,79.0374717857763211,180.0702251993530255,101.0327534135767044,101.0327534135767044,188.0054512404945747,202.5767335021620546,14.5712822616674799,14.5712822616674799,115.6040356752441843,101.0327534135767044
burn:0x0912d1946b69c6a3a34d75aaefdc79943e7eb6f5d736843371bbc87df6596845#11271437,0x88e6a0c2ddd26feeb64f039a2c41296fcb3f5640,0x0912d1946b69c6a3a34d75aaefdc79943e7eb6f5d736843371bbc87df6596845,24908097,540,2026-04-18T16:57:11Z,24908096,0,0,0,,,198580,198880,198649,active,true,300,69,231,69,0,0,1630322730713544432765299555049888,41164315475356,41164315475356,0,3002052479485577259,3002011315170101903,41164315475356,1,0.000013712057253,0.000013712057253,137214384917.8533333333333333,137214384917.8533333333333333,180.0702251993530255,180.0710277533818325,0.000802554028807,0.000802554028807,202.5767335021620546,202.5785586529094193,0.0018251507473647,0.0018251507473647,0.0026277047761717,0.0018251507473647
burn:0x1b4a721a9c4069d1483df877b4fb8c6745848231774fe18c8c89c2b24780d5f6#11271441,0x88e6a0c2ddd26feeb64f039a2c41296fcb3f5640,0x1b4a721a9c4069d1483df877b4fb8c6745848231774fe18c8c89c2b24780d5f6,24908105,50,2026-04-18T16:58:47Z,24908104,0,0,0,,,199250,207620,198650,below_current_tick,false,8370,600,8970,600,600,0.0716845878136201,1630415521565644771946906573435108,2259160646645454,2259160646645454,0,3002038574279738672,3002038574279738672,0,1,0,0,269911666265.8845878136200717,269911666265.8845878136200717,179.9945273122797284,179.9945273122797284,0,0,202.5535148571081051,202.5565499603145051,0.0030351032064,0.0030351032064,0.0030351032064,0.0030351032064
burn:0x3050e0ca7ba01f0615009d9fc347e532de8d1a522a53df407d577bca36fd5874#11271502,0x88e6a0c2ddd26feeb64f039a2c41296fcb3f5640,0x3050e0ca7ba01f0615009d9fc347e532de8d1a522a53df407d577bca36fd5874,24908202,22,2026-04-18T17:18:35Z,24908201,0,0,0,,,199150,201250,198648,below_current_tick,false,2100,502,2602,502,502,0.239047619047619,1630235886291189990412989397702782,106469061327628,106469061327628,0,3002134178553859073,3002134178553859073,0,1,0,0,50699553013.1561904761904762,50699553013.1561904761904762,180.1392973907302818,180.1392973907302818,0,0,202.4020548725415658,202.4024633286771658,0.0004084561356,0.0004084561356,0.0004084561356,0.0004084561356
burn:0xc9013693c051e6e55b860c4f5d18de169557357f610fd70fcd6afc813be5b21d#11271519,0x88e6a0c2ddd26feeb64f039a2c41296fcb3f5640,0xc9013693c051e6e55b860c4f5d18de169557357f610fd70fcd6afc813be5b21d,24908228,115,2026-04-18T17:23:47Z,24908227,1,1,2,24908228,46,198650,198660,198652,active,true,10,2,8,2,0,0,1630642554321200000293170634195646,89964561465283182592,89964561465283182592,0,92966722902946678434,3002161437663495842,89964561465283182592,1,0.9677071392438171,0.9677071392438171,8996456146528318259.2,8996456146528318259.2,109.3619684159992422,179.8056947322664393,70.4437263162671971,70.4437263162671971,75.7679130514281154,202.2879389706274882,126.5200259191993728,126.5200259191993728,196.9637522354665699,126.5200259191993728
burn:0x6d019e8b6aec842569f2b7e98470f0e3ec79ac1b46a966e7dc7c109510052775#11271522,0x88e6a0c2ddd26feeb64f039a2c41296fcb3f5640,0x6d019e8b6aec842569f2b7e98470f0e3ec79ac1b46a966e7dc7c109510052775,24908235,930,2026-04-18T17:25:23Z,24908234,0,1,1,24908235,94,198560,198860,198653,active,true,300,93,207,93,0,0,1630673111346874396564985596603929,40785095479180,40785095479180,0,3002161437663495842,3002120652568016662,40785095479180,1,0.0000135852439404,0.0000135852439404,135950318263.9333333333333333,135950318263.9333333333333333,179.7810460581993543,179.7820570503622991,0.0010109921629448,0.0010109921629448,202.2791201667441745,202.2808128464466581,0.0016926797024836,0.0016926797024836,0.0027036718654284,0.0016926797024836
burn:0x3be4b8aa72bbae99ea3d46ddb1692078c5afb9aacb87430c55ee8651501d8939#11271574,0x88e6a0c2ddd26feeb64f039a2c41296fcb3f5640,0x3be4b8aa72bbae99ea3d46ddb1692078c5afb9aacb87430c55ee8651501d8939,24908394,553,2026-04-18T17:57:35Z,24908393,0,0,0,,,-887270,887270,198638,active,true,1774540,1085908,688632,688632,0,0,1629482310199571576712290076763085,182865884220,18054801681867046,18054618815982826,3003749924651637627,3003749741785753407,182865884220,0.0000101283795548,0.006010753935836,0.0000000608791973,10174355991.9004620915842979,103049.7392112885592886,180.6763388821707655,180.6763514902372546,0.0000126080664891,0.0000126080664891,202.4983713257879499,202.4983830082802886,0.0000116824923387,0.0000116824923387,0.0000242905588278,0.0000126080664891
burn:0x8a2e297ffb313f835cc6569e2de074ef8d2c22a0b98d49e9dd0957fbcaf631c8#11271601,0x88e6a0c2ddd26feeb64f039a2c41296fcb3f5640,0x8a2e297ffb313f835cc6569e2de074ef8d2c22a0b98d49e9dd0957fbcaf631c8,24908456,58,2026-04-18T18:09:59Z,24908455,1,1,2,24908456,24,198640,198650,198640,active,true,10,0,10,0,0,0,1629591437810369840390659441491505,63480455562251993088,63480455562251993088,0,66484203830762213375,3003748268510220287,63480455562251993088,1,0.9548201212402819,0.9548201212402819,6348045556225199308.8,6348045556225199308.8,178.5447503631414736,180.5805376759792864,2.0357873128378128,2.0357873128378128,76.6496108769524278,202.4711859062801441,125.8215750293277163,125.8215750293277163,127.8573623421655291,125.8215750293277163
burn:0x85517e804e334d968f4f3d0c533d525001790171921da190ec9ea6b7cc36499f#11271607,0x88e6a0c2ddd26feeb64f039a2c41296fcb3f5640,0x85517e804e334d968f4f3d0c533d525001790171921da190ec9ea6b7cc36499f,24908472,634,2026-04-18T18:13:11Z,24908471,0,1,1,24908472,149,198500,198800,198647,active,true,300,147,153,147,0,0,1630222845477221338466240285783779,82078288277990,82078288277990,0,3003748268510220287,3003666190221942297,82078288277990,1,0.0000273252885864,0.0000273252885864,273594294259.9666666666666667,273594294259.9666666666666667,180.0414941513450685,180.044345455639571,0.0028513042945025,0.0028513042945025,202.3056333623225907,202.3084466434587039,0.0028132811361132,0.0028132811361132,0.0056645854306157,0.0028513042945025
burn:0x8d5bb1cbc0a03331f91f372d5c98212e3b12be660ff123f6d00e0b4cabb29e28#11271610,0x88e6a0c2ddd26feeb64f039a2c41296fcb3f5640,0x8d5bb1cbc0a03331f91f372d5c98212e3b12be660ff123f6d00e0b4cabb29e28,24908480,85,2026-04-18T18:14:47Z,24908479,0,0,0,,,199200,201230,198648,below_current_tick,false,2030,552,2582,552,552,0.2719211822660099,1630242800524522585862583663238350,2131807166524371,2131807166524371,0,3003666190221942297,3003666190221942297,0,1,0,0,1050151313558.803448275862069,1050151313558.803448275862069,180.0277301555344754,180.0277301555344754,0,0,202.3029807018421374,202.3081384756894374,0.0051577738473,0.0051577738473,0.0051577738473,0.0051577738473
burn:0xd556495874b2c701888f2b2f17304a9559b7400ec0c5b5236db9efbead88e8f9#11271612,0x88e6a0c2ddd26feeb64f039a2c41296fcb3f5640,0xd556495874b2c701888f2b2f17304a9559b7400ec0c5b5236db9efbead88e8f9,24908486,46,2026-04-18T18:15:59Z,24908485,0,0,0,,,193210,207080,198648,active,true,13870,5438,8432,5438,0,0,1630298653287177410122827786154237,384480425473798,384480425473798,0,3003666190221942297,3003281709796468499,384480425473798,1,0.0001280037131707,0.0001280037131707,27720290228.8246575342465753,27720290228.8246575342465753,179.9813600926574124,180.0076817048467783,0.0263216121893659,0.0263216121893659,202.2927811325922973,202.3170580170930489,0.0242768845007516,0.0242768845007516,0.0505984966901175,0.0263216121893659
burn:0x8d63e7871c97b540531927be5a02332d2262b25564a2ed1315b7e6d62360baa4#11271643,0x88e6a0c2ddd26feeb64f039a2c41296fcb3f5640,0x8d63e7871c97b540531927be5a02332d2262b25564a2ed1315b7e6d62360baa4,24908517,1004,2026-04-18T18:22:11Z,24908516,0,0,0,,,198830,198910,198668,below_current_tick,false,80,162,242,162,162,2.025,1631905549209997534316643471303613,20807154844705628,20807154844705628,0,3012411682226024895,3012411682226024895,0,1,0,0,260089435558820.35,260089435558820.35,178.7261935272078454,178.7261935272078454,0,0,201.8557930159474273,202.0556501494667273,0.1998571335193,0.1998571335193,0.1998571335193,0.1998571335193
burn:0x355ddc5d7055b47c366e456349b619cadb4176e58e64b948cb0dad251c55ffbd#11271651,0x88e6a0c2ddd26feeb64f039a2c41296fcb3f5640,0x355ddc5d7055b47c366e456349b619cadb4176e58e64b948cb0dad251c55ffbd,24908550,129,2026-04-18T18:28:47Z,24908549,0,0,0,,,198500,198800,198664,active,true,300,164,136,136,0,0,1631622001523374533962134200290922,82100884236113,82100884236113,0,3012430411072635131,3012348310188399018,82100884236113,1,0.0000272540351254,0.0000272540351254,273669614120.3766666666666667,273669614120.3766666666666667,178.9452650034280841,178.948303977433354,0.0030389740052699,0.0030389740052699,202.1321027956656327,202.1346842868923799,0.0025814912267472,0.0025814912267472,0.0056204652320171,0.0030389740052699
burn:0x1a25e8e893d28dbb752308a71994a5754d250b2a19be71dbed3de51243e91c04#11271654,0x88e6a0c2ddd26feeb64f039a2c41296fcb3f5640,0x1a25e8e893d28dbb752308a71994a5754d250b2a19be71dbed3de51243e91c04,24908551,173,2026-04-18T18:28:59Z,24908550,1,1,2,24908551,143,198660,198670,198664,active,true,10,4,6,4,0,0,1631621714202290992377613561887136,63073375675719090176,63073375675719090176,0,66085723985907489194,3012348310188399018,63073375675719090176,1,0.9544175636052535,0.9544175636052535,6307337567571909017.6,6307337567571909017.6,100.339311891382264,178.9485297012572721,78.6092178098750081,78.6092178098750081,123.6670779676661317,202.1347619066774904,78.4676839390113587,78.4676839390113587,157.0769017488863668,78.6092178098750081
burn:0x7ba0049334ce83d78016cf5e4533fcd280d767a14c9b5e160bca8dab4f3c8714#11271892,0x88e6a0c2ddd26feeb64f039a2c41296fcb3f5640,0x7ba0049334ce83d78016cf5e4533fcd280d767a14c9b5e160bca8dab4f3c8714,24908743,377,2026-04-18T19:07:59Z,24908742,0,0,0,,,199820,201940,198677,below_current_tick,false,2120,1143,3263,1143,1143,0.5391509433962264,1632624790378924399903223505629242,10847215246047,284315077303328,273467862057281,3012255241331815601,3012255241331815601,0,0.0381520929137163,0,0,134110885520.4377358490566038,5116610965.1165094339622642,178.1906849892083115,178.1906849892083115,0,0,201.8504768534264645,201.8504768534264645,0,0,0,0
burn:0xb73c5f7e4f797163b2591420121fd95e5440a5b8acae32510948bb05fa52741d#11272114,0x88e6a0c2ddd26feeb64f039a2c41296fcb3f5640,0xb73c5f7e4f797163b2591420121fd95e5440a5b8acae32510948bb05fa52741d,24908876,436,2026-04-18T19:34:35Z,24908875,0,0,0,,,198320,200730,198696,active,true,2410,376,2034,376,0,0,1634196397067413303161505638112122,354074704335876,354074704335876,0,3021552851325203189,3021198776620867313,354074704335876,1,0.0001171830253376,0.0001171830253376,146918964454.7203319502074689,146918964454.7203319502074689,177.0818676270277924,177.1012542117008888,0.0193865846730964,0.0193865846730964,201.3941531099959399,201.415533484994722,0.0213803749987821,0.0213803749987821,0.0407669596718785,0.0213803749987821
