rank,position_label,pool_address,block_number,current_tick,tick_lower,tick_upper,position_liquidity,active_liquidity_share,range_width,distance_to_lower_tick,distance_to_upper_tick,distance_to_nearest_edge,liquidity_density,normalized_liquidity_density,zero_for_one_base_auc_bps,one_for_zero_base_auc_bps,zero_for_one_lsis_bps,one_for_zero_lsis_bps,total_lsis_bps,max_directional_lsis_bps,zero_for_one_depth_10bps_base,zero_for_one_depth_10bps_counterfactual,zero_for_one_depth_10bps_delta,zero_for_one_depth_10bps_base_breached,zero_for_one_depth_10bps_counterfactual_breached,one_for_zero_depth_10bps_base,one_for_zero_depth_10bps_counterfactual,one_for_zero_depth_10bps_delta,one_for_zero_depth_10bps_base_breached,one_for_zero_depth_10bps_counterfactual_breached,zero_for_one_depth_50bps_base,zero_for_one_depth_50bps_counterfactual,zero_for_one_depth_50bps_delta,zero_for_one_depth_50bps_base_breached,zero_for_one_depth_50bps_counterfactual_breached,one_for_zero_depth_50bps_base,one_for_zero_depth_50bps_counterfactual,one_for_zero_depth_50bps_delta,one_for_zero_depth_50bps_base_breached,one_for_zero_depth_50bps_counterfactual_breached,zero_for_one_depth_100bps_base,zero_for_one_depth_100bps_counterfactual,zero_for_one_depth_100bps_delta,zero_for_one_depth_100bps_base_breached,zero_for_one_depth_100bps_counterfactual_breached,one_for_zero_depth_100bps_base,one_for_zero_depth_100bps_counterfactual,one_for_zero_depth_100bps_delta,one_for_zero_depth_100bps_base_breached,one_for_zero_depth_100bps_counterfactual_breached
1,P1,0x3416cf6c708da44db2624d63ea0aaef7113527c6,25319064,2,1,7,10248353052608157,0.2616702086983832,6,1,5,1,1708058842101359.5,0.0436117014497305,1.4211326928530654,375.2942639710675989,0.3739985646771695,913.0588769389559456,913.4328755036331151,913.0588769389559456,10000000000000,10000000000000,0,false,false,5031338075406.2420998405339392,5009461299423.6882334454565696,21876775982.5538663950773696,true,true,10000000000000,10000000000000,0,false,false,5164885189390.243201682946246,5048320787831.1091425580776192,116564401559.1340591248686268,true,true,10000000000000,10000000000000,0,false,false,5331819081870.2447040222447684,5096895148340.3852789488539312,234923933529.8594250733908372,true,true
2,P2,0x3416cf6c708da44db2624d63ea0aaef7113527c6,25319064,2,2,10,2299093725626119,0.0587025380481622,8,0,8,0,287386715703264.875,0.0073378172560203,1.4211326928530654,375.2942639710675989,0.1186709605008276,296.7156209240805703,296.8342918845813979,296.7156209240805703,10000000000000,10000000000000,0,false,false,5031338075406.2420998405339392,5017970033912.9439474771493188,13368041493.2981523633846204,true,true,10000000000000,10000000000000,0,false,false,5164885189390.243201682946246,5092489288013.2664059580218704,72395901376.9767957249243756,true,true,10000000000000,10000000000000,0,false,false,5331819081870.2447040222447684,5185638355638.6691039502631432,146180726231.5756000719816252,true,true
3,P3,0x3416cf6c708da44db2624d63ea0aaef7113527c6,25319064,2,-4,17,951847753995549,0.0243034367725764,21,6,15,6,45326083523597.5714285714285714,0.0011573065129798,1.4211326928530654,375.2942639710675989,0.0466178878454166,239.4940263911277137,239.5406442789731303,239.4940263911277137,10000000000000,10000000000000,0,false,false,5031338075406.2420998405339392,5019614880800.4021992444977044,11723194605.8399005960362348,true,true,10000000000000,10000000000000,0,false,false,5164885189390.243201682946246,5101074577898.8210256319072984,63810611491.4221760510389476,true,true,10000000000000,10000000000000,0,false,false,5331819081870.2447040222447684,5202899199271.844433579886152,128919882598.4002704423586164,true,true
4,P4,0x3416cf6c708da44db2624d63ea0aaef7113527c6,25319064,2,-11,9,1922566437079320,0.0490887031549934,20,13,7,7,96128321853966,0.0024544351577497,1.4211326928530654,375.2942639710675989,0.0977624719499698,207.0884110308510688,207.1861735028010386,207.0884110308510688,10000000000000,10000000000000,0,false,false,5031338075406.2420998405339392,5020548637859.3959781738335308,10789437546.8461216667004084,true,true,10000000000000,10000000000000,0,false,false,5164885189390.243201682946246,5106551279958.4181124595477752,58333909431.8250892233984708,true,true,10000000000000,10000000000000,0,false,false,5331819081870.2447040222447684,5214054582582.195405207841164,117764499288.0492988144036044,true,true
5,P5,0x3416cf6c708da44db2624d63ea0aaef7113527c6,25319064,2,0,4,9964441787911092,0.2544211297972425,4,2,2,2,2491110446977773,0.0636052824493106,1.4211326928530654,375.2942639710675989,0.7565905821195067,192.3848055140099977,193.1413960961295044,192.3848055140099977,10000000000000,10000000000000,0,false,false,5031338075406.2420998405339392,5020651507718.4063779008991436,10686567687.8357219396347956,true,true,10000000000000,10000000000000,0,false,false,5164885189390.243201682946246,5108906157897.7876232092482252,55979031492.4555784736980208,true,true,10000000000000,10000000000000,0,false,false,5331819081870.2447040222447684,5219224470622.0146799898171328,112594611248.2300240324276356,true,true
6,P6,0x3416cf6c708da44db2624d63ea0aaef7113527c6,25319064,2,1,5,4656575017975385,0.1188958801983503,4,1,3,1,1164143754493846.25,0.0297239700495876,1.4211326928530654,375.2942639710675989,0.1576769031628724,170.5451582253169451,170.7028351284798175,170.5451582253169451,10000000000000,10000000000000,0,false,false,5031338075406.2420998405339392,5021598698094.2763936644963064,9739377311.9657061760376328,true,true,10000000000000,10000000000000,0,false,false,5164885189390.243201682946246,5113380427012.9744415884483656,51504762377.2687600944978804,true,true,10000000000000,10000000000000,0,false,false,5331819081870.2447040222447684,5228107588161.3475016385209952,103711493708.8972023837237732,true,true
7,P7,0x3416cf6c708da44db2624d63ea0aaef7113527c6,25319064,2,-6,4,4519117558021424,0.1153861921490935,10,8,2,2,451911755802142.4,0.0115386192149094,1.4211326928530654,375.2942639710675989,0.2560422061828823,84.1276136869775222,84.3836558931604045,84.1276136869775222,10000000000000,10000000000000,0,false,false,5031338075406.2420998405339392,5025571917674.398294375035774,5766157731.8438054654981652,true,true,10000000000000,10000000000000,0,false,false,5164885189390.243201682946246,5134641203282.782466180027388,30243986107.460735502918858,true,true,10000000000000,10000000000000,0,false,false,5331819081870.2447040222447684,5270977810293.2633061176826,60841271576.9813979045621684,true,true
8,P8,0x3416cf6c708da44db2624d63ea0aaef7113527c6,25319064,2,-3,17,314188254217667,0.0080221383503952,20,5,15,5,15709412710883.35,0.0004011069175198,1.4211326928530654,375.2942639710675989,0.0149406090064837,74.8165684427037716,74.8315090517102553,74.8165684427037716,10000000000000,10000000000000,0,false,false,5031338075406.2420998405339392,5026333089943.05592586435442,5004985463.1861739761795192,true,true,10000000000000,10000000000000,0,false,false,5164885189390.243201682946246,5137645313555.6090016968952732,27239875834.6341999860509728,true,true,10000000000000,10000000000000,0,false,false,5331819081870.2447040222447684,5276785593071.3002214512882008,55033488798.9444825709565676,true,true
9,P9,0x3416cf6c708da44db2624d63ea0aaef7113527c6,25319064,2,-27,19,140920299016803,0.0035981043846046,46,29,17,17,3063484761234.8478260869565217,0.0000782196605349,1.4211326928530654,375.2942639710675989,0.0066957619239841,37.8255435617668202,37.8322393236908043,37.8255435617668202,10000000000000,10000000000000,0,false,false,5031338075406.2420998405339392,5028582581084.2704164286682548,2755494321.9716834118656844,true,true,10000000000000,10000000000000,0,false,false,5164885189390.243201682946246,5149879715084.394592131629772,15005474305.848609551316474,true,true,10000000000000,10000000000000,0,false,false,5331819081870.2447040222447684,5301501132584.5496867240485296,30317949285.6950172981962388,true,true
10,P10,0x3416cf6c708da44db2624d63ea0aaef7113527c6,25319064,2,-3,7,452489269028227,0.0115533648043343,10,5,5,5,45248926902822.7,0.0011553364804334,1.4211326928530654,375.2942639710675989,0.0216173305532638,30.8556500155042469,30.8772673460575107,30.8556500155042469,10000000000000,10000000000000,0,false,false,5031338075406.2420998405339392,5029017272009.5684359829350372,2320803396.673663857598902,true,true,10000000000000,10000000000000,0,false,false,5164885189390.243201682946246,5152402351195.9869500240940672,12482838194.2562516588521788,true,true,10000000000000,10000000000000,0,false,false,5331819081870.2447040222447684,5306633700179.0102176118259936,25185381691.2344864104187748,true,true
11,P11,0x3416cf6c708da44db2624d63ea0aaef7113527c6,25319064,2,-11,10,200410811646949,0.0051170698979504,21,13,8,8,9543371983188.0476190476190476,0.0002436699951405,1.4211326928530654,375.2942639710675989,0.0095433144169061,23.6071865632778552,23.6167298776947613,23.6071865632778552,10000000000000,10000000000000,0,false,false,5031338075406.2420998405339392,5029545455272.1118202557546024,1792620134.1302795847793368,true,true,10000000000000,10000000000000,0,false,false,5164885189390.243201682946246,5155175104070.3585876890556892,9710085319.8846139938905568,true,true,10000000000000,10000000000000,0,false,false,5331819081870.2447040222447684,5312212165068.1664217992663532,19606916802.0782822229784152,true,true
12,P12,0x3416cf6c708da44db2624d63ea0aaef7113527c6,25319064,2,-2,10,193121364745361,0.0049309491542326,12,4,8,4,16093447062113.4166666666666667,0.0004109124295194,1.4211326928530654,375.2942639710675989,0.0091937276212411,22.7415904258799082,22.7507841535011493,22.7415904258799082,10000000000000,10000000000000,0,false,false,5031338075406.2420998405339392,5029607423787.0186206195576316,1730651619.2234792209763076,true,true,10000000000000,10000000000000,0,false,false,5164885189390.243201682946246,5155510763167.3688470412947032,9374426222.8743546416515428,true,true,10000000000000,10000000000000,0,false,false,5331819081870.2447040222447684,5312889937392.806254959616626,18929144477.4384490626281424,true,true
13,P13,0x3416cf6c708da44db2624d63ea0aaef7113527c6,25319064,2,2,7,326288380073583,0.0083310896952348,5,0,5,0,65257676014716.6,0.001666217939047,1.4211326928530654,375.2942639710675989,0.0156099075317837,22.182033751877846,22.1976436594096297,22.182033751877846,10000000000000,10000000000000,0,false,false,5031338075406.2420998405339392,5029633304225.2850184975499212,1704771180.957081342984018,true,true,10000000000000,10000000000000,0,false,false,5164885189390.243201682946246,5155715274288.12520890656964,9169915102.117992776376606,true,true,10000000000000,10000000000000,0,false,false,5331819081870.2447040222447684,5313317736866.6758220266937052,18501345003.5688819955510632,true,true
14,P14,0x3416cf6c708da44db2624d63ea0aaef7113527c6,25319064,2,-5,7,205711759589762,0.0052524184898046,12,7,5,5,17142646632480.1666666666666667,0.0004377015408171,1.4211326928530654,375.2942639710675989,0.0097976535320826,13.9442194523864602,13.9540171059185428,13.9442194523864602,10000000000000,10000000000000,0,false,false,5031338075406.2420998405339392,5030243761514.2619436495412272,1094313891.980156190992712,true,true,10000000000000,10000000000000,0,false,false,5164885189390.243201682946246,5158998596785.1966890899291648,5886592605.0465125930170812,true,true,10000000000000,10000000000000,0,false,false,5331819081870.2447040222447684,5319942140873.8656210355466424,11876940996.379082986698126,true,true
15,P15,0x3416cf6c708da44db2624d63ea0aaef7113527c6,25319064,2,-15,10,108476788212912,0.0027697273566682,25,17,8,8,4339071528516.48,0.0001107890942667,1.4211326928530654,375.2942639710675989,0.0051480783495396,12.7288782420337738,12.7340263203833134,12.7288782420337738,10000000000000,10000000000000,0,false,false,5031338075406.2420998405339392,5030344365040.5994298665213932,993710365.642669974012546,true,true,10000000000000,10000000000000,0,false,false,5164885189390.243201682946246,5159502517219.346134706122038,5382672170.897066976824208,true,true,10000000000000,10000000000000,0,false,false,5331819081870.2447040222447684,5320950207442.7800159007553996,10868874427.4646881214893688,true,true
16,P16,0x3416cf6c708da44db2624d63ea0aaef7113527c6,25319064,2,-10,6,226489100298215,0.0057829243234219,16,12,4,4,14155568768638.4375,0.0003614327702139,1.4211326928530654,375.2942639710675989,0.0107955103542561,11.5974294725754987,11.6082249829297548,11.5974294725754987,10000000000000,10000000000000,0,false,false,5031338075406.2420998405339392,5030416560018.488276199389352,921515387.7538236411445872,true,true,10000000000000,10000000000000,0,false,false,5164885189390.243201682946246,5159954159739.6119301645882372,4931029650.6312715183580088,true,true,10000000000000,10000000000000,0,false,false,5331819081870.2447040222447684,5321876159391.0168727299362604,9942922479.227831292308508,true,true
17,P17,0x3416cf6c708da44db2624d63ea0aaef7113527c6,25319064,2,-12,8,97811871902207,0.0024974210785328,20,14,6,6,4890593595110.35,0.0001248710539266,1.4211326928530654,375.2942639710675989,0.004640124430778,8.2309834074834038,8.2356235319141818,8.2309834074834038,10000000000000,10000000000000,0,false,false,5031338075406.2420998405339392,5030685043586.3957641825672728,653031819.8463356579666664,true,true,10000000000000,10000000000000,0,false,false,5164885189390.243201682946246,5161360965451.4269257134198988,3524223938.8162759695263472,true,true,10000000000000,10000000000000,0,false,false,5331819081870.2447040222447684,5324705867782.716252735835098,7113214087.5284512864096704,true,true
18,P18,0x3416cf6c708da44db2624d63ea0aaef7113527c6,25319064,2,0,3,1058146550335168,0.027017553673096,3,2,1,1,352715516778389.3333333333333333,0.0090058512243653,1.4211326928530654,375.2942639710675989,0.0520338911258847,1.7028900653379327,1.7549239564638174,1.7028900653379327,10000000000000,10000000000000,0,false,false,5031338075406.2420998405339392,5031194363855.7886623945392184,143711550.4534374459947208,true,true,10000000000000,10000000000000,0,false,false,5164885189390.243201682946246,5164137801125.4804753458094036,747388264.7627263371368424,true,true,10000000000000,10000000000000,0,false,false,5331819081870.2447040222447684,5330317097712.5948664260477184,1501984157.64983759619705,true,true
19,P19,0x3416cf6c708da44db2624d63ea0aaef7113527c6,25319064,2,-1,3,358158047879252,0.0091448148453198,4,3,1,1,89539511969813,0.00228620371133,1.4211326928530654,375.2942639710675989,0.0155835206019382,0.5761572370161524,0.5917407576180906,0.5761572370161524,10000000000000,10000000000000,0,false,false,5031338075406.2420998405339392,5031289306836.6590734269935724,48768569.5830264135403668,true,true,10000000000000,10000000000000,0,false,false,5164885189390.243201682946246,5164631559421.7422876123646964,253629968.5009140705815496,true,true,10000000000000,10000000000000,0,false,false,5331819081870.2447040222447684,5331309375153.0970555617774348,509706717.1476484604673336,true,true
20,P20,0x3416cf6c708da44db2624d63ea0aaef7113527c6,25319064,2,-2,3,261936879912813,0.0066880090567475,5,4,1,1,52387375982562.6,0.0013376018113495,1.4211326928530654,375.2942639710675989,0.0125014708690677,0.421346096728184,0.4338475675972517,0.421346096728184,10000000000000,10000000000000,0,false,false,5031338075406.2420998405339392,5031302396132.6485259717307036,35679273.5935738688032356,true,true,10000000000000,10000000000000,0,false,false,5164885189390.243201682946246,5164699632357.5863385118127968,185557032.6568631711334492,true,true,10000000000000,10000000000000,0,false,false,5331819081870.2447040222447684,5331446177638.75897929576483,372904231.4857247264799384,true,true
