snapshot_index,pool_address,block_number,current_tick,position_count,zero_for_one_base_auc_bps,one_for_zero_base_auc_bps,topk_active_share_sum,top1_active_share,top3_active_share,sum_total_lsis_bps,top1_total_lsis_bps,top3_total_lsis_bps,top1_lsis_share,top3_lsis_share,active_hhi_raw_topk,active_hhi_normalized_topk,total_lsis_hhi_topk,effective_lsis_positions_topk,active_share_gini_topk,total_lsis_gini_topk
1,0x8ad599c3a0ff1de082011efddc58f1908eb6e6d8,25440623,202316,20,410.40452019165841,1209.8436921680948066,0.8812190097399287,0.6577760162997695,0.6879191421608889,5585.4361656091922583,4196.0715832077695748,4608.4250542080274275,0.7512522672882633,0.8250788152558531,0.43659930739481342268897749841885,0.5622316992668895159453321467311,0.56999537126314055362292368998791,1.7544002116788176,0.7799564617741971,0.8077052166647725
2,0x8ad599c3a0ff1de082011efddc58f1908eb6e6d8,25430623,202780,20,417.8533774549552895,3632.477743685072066,0.9049705418016855,0.686351785704163,0.7178044196537354,7058.1445820041069039,4215.1137259530138282,5200.0405541151006044,0.5971985522512723,0.7367432749073253,0.47500950030824209595288094678135,0.58000723470866056363071694977495,0.37386057656181161361906645746974,2.6747939277161701,0.7897345620152725,0.745188405806
3,0x8ad599c3a0ff1de082011efddc58f1908eb6e6d8,25420623,202665,20,421.74830046339338,2883.5143572657587062,0.8970877923619385,0.6943253079891634,0.726143335142254,6849.1808706459052163,4570.7625444150310759,5348.7812793382118129,0.6673444066872759,0.7809373675999595,0.48575621816353048765782750687561,0.60359894927871723866574054256994,0.45719290057584249433189588349753,2.1872605605653159,0.8033556908665657,0.785661864264121
4,0x8ad599c3a0ff1de082011efddc58f1908eb6e6d8,25410623,202598,20,422.2435156776467881,2651.5619521594718941,0.9024260517678806,0.6999114420355321,0.7319854583664952,7013.2128098739740419,5005.1228521718319646,5729.0926046485329541,0.7136704657136695,0.8168998660047054,0.49358196580397816903347165590642,0.60608848746761797490529737119846,0.51873927854909243117410467251252,1.9277506858493308,0.8056710484927042,0.8151530732168495
5,0x8ad599c3a0ff1de082011efddc58f1908eb6e6d8,25400623,202710,20,437.6428314865722177,3543.0673449855926629,0.9090373185452825,0.7313089098105056,0.7648217408738534,7679.8339025766937159,5221.9941006933866348,6196.8287810495648843,0.6799618542454848,0.8068961984933607,0.53744739808829081881411469978291,0.65038802965532961006831066599854,0.47547619895245478343132507951954,2.1031546946054285,0.8149158728108768,0.8106295845880737
6,0x8ad599c3a0ff1de082011efddc58f1908eb6e6d8,25390623,202439,20,425.0207255018292182,2042.4669272889284879,0.8918217312649644,0.70526281748802,0.7375820649915968,7039.5296610111566707,5462.3129575846472357,6049.7083686592619382,0.7759485676774663,0.8593909905893177,0.50021530431706538821325989471454,0.62892791828071215125242848329079,0.60809187289988672823715718217707,1.6444883488265845,0.8078826639115474,0.8457909963373983
7,0x8ad599c3a0ff1de082011efddc58f1908eb6e6d8,25380623,202237,20,425.5443588127791986,1348.8466553420210848,0.8923366167488869,0.6971637591078825,0.7291118606133392,6645.2589292152982748,5355.8950091475199373,5807.2920056687284805,0.8059723580673128,0.8739000342240207,0.48895564427932285649170384639575,0.61406173424791263945977898305748,0.65376531560501688035071174612022,1.5296008768445687,0.7973188839772497,0.8535994173145744
8,0x8ad599c3a0ff1de082011efddc58f1908eb6e6d8,25370623,201754,20,454.4167407952205226,489.1938042891038949,0.8777120232282699,0.6563163057437962,0.7039818870133828,4558.4831130137492563,4170.8892305942586504,4279.2866085916119728,0.9149730573065037,0.9387523223185635,0.43512005557854674962060042556973,0.56481341895911350395951956965051,0.83776028993448146756854339272505,1.1936588687895517,0.7888182847364921,0.8953771555650752
9,0x8ad599c3a0ff1de082011efddc58f1908eb6e6d8,25360623,201791,20,445.8709174459861275,511.7409992141796128,0.8808028312275205,0.6637262691599622,0.7119300059047775,4706.8693869581142717,4284.8744024481466752,4405.9508804704125874,0.9103448704824401,0.9360682267237981,0.44446137253198985634877632391465,0.57289709380993996267274365084177,0.82939165077131848454555673492505,1.2057029981794717,0.7883627044613716,0.8936269866198907
10,0x8ad599c3a0ff1de082011efddc58f1908eb6e6d8,25350623,201973,20,443.5105590844032012,746.6890438387378405,0.8968633888441927,0.7059454227092194,0.7572153646923072,5981.3279849240412302,5125.1921131885830182,5406.0965997174870876,0.8568652523497538,0.9038288175040013,0.50126099238897889376276731013071,0.6231768588235143546721136611632,0.73632731054726189960636865315713,1.3580916878619756,0.8054382923741608,0.8738651907711385
11,0x8ad599c3a0ff1de082011efddc58f1908eb6e6d8,25340623,201676,20,469.5002109378594509,490.2105826647615397,0.8911491027562759,0.7025423686810826,0.7535651607047326,4692.6123164719542957,4355.430385773478309,4454.9774120299849447,0.9281462204932413,0.9493597833326597,0.49641002429617313454766507091343,0.62508603222124150225876394085221,0.86188887652817981430861408349492,1.1602423783773065,0.8061312127753382,0.9040883176761131
12,0x8ad599c3a0ff1de082011efddc58f1908eb6e6d8,25330623,201408,20,472.4089741569085687,425.1615977337245228,0.8832521500213325,0.6623423097860085,0.7202632956216936,3608.976645948075475,3374.6814433483816328,3437.4015046014495257,0.9350798784295971,0.9524587831458374,0.44224918917161416012851855128961,0.56688848941143822013251046588958,0.87468782960202503355456464305933,1.1432650211390169,0.7746562985199832,0.9050288280196193
13,0x8ad599c3a0ff1de082011efddc58f1908eb6e6d8,25320623,201817,20,439.6757787461262411,548.8515575527409244,0.8924694816828212,0.6774393171977531,0.7266604889358796,5012.1686824247686356,4543.6635508919705436,4687.1085072692250555,0.9065264636492349,0.9351458029943463,0.46245497409839003518374954033732,0.58060758705970911030480103022826,0.82255271713295975910178104494343,1.2157275505520665,0.7868113528515527,0.8932270551168512
14,0x8ad599c3a0ff1de082011efddc58f1908eb6e6d8,25310623,202072,20,425.2684657509000871,910.0171216225785321,0.9003341041711693,0.687923309780714,0.7194479601110291,6183.1737602219066744,5121.2827429579104915,5476.324813172377728,0.8282611716178123,0.8856818562019255,0.47680267606991080052843909563371,0.58820848046725145396084351752442,0.68912336194622336790320048067359,1.4511189943928157,0.7945385146790436,0.8606813083645451
15,0x8ad599c3a0ff1de082011efddc58f1908eb6e6d8,25300623,202063,20,422.0117637451075958,883.6641125567519996,0.9018924141691748,0.6891190845100805,0.7206985321988818,6101.0270703337231928,5066.4117803564766693,5412.2408309680485237,0.8304194887106683,0.8871032317304571,0.47846156922373791742052035379494,0.5882170274755997873927357319082,0.6926233687703962359131299844162,1.4437861110220477,0.7945425511059117,0.8616377425991929
16,0x8ad599c3a0ff1de082011efddc58f1908eb6e6d8,25290623,202364,20,425.1056326057591269,1787.1673827525968678,0.9219250518252827,0.7354318089349792,0.7691335752348545,7162.4747409673847666,5496.7104151095517192,6030.2317486397788616,0.7674317346865994,0.8419201416723346,0.54384966265105485804475574406373,0.63986393237552755853122338824856,0.59418049368002655732280827577105,1.6829902876928037,0.8206141800301769,0.8200833428017686
17,0x8ad599c3a0ff1de082011efddc58f1908eb6e6d8,25280623,202300,20,429.350712306153707,1741.5226134151482381,0.9236614884670459,0.7620380857133971,0.7969591064855457,7673.660631133701144,6154.0378974047626028,6685.0621628151252358,0.8019689940986574,0.8711698997597551,0.58257212409294917109465686479471,0.68284797720394330190901206254079,0.64717855419846882340258123075777,1.5451686300676339,0.8267106267055714,0.8407352773453394
18,0x8ad599c3a0ff1de082011efddc58f1908eb6e6d8,25270623,202218,20,444.4437968303984994,851.9160841059108662,0.9175435316526224,0.7544926105994537,0.7890678537810465,4706.6799089730373472,3880.8656021105518601,4193.3530208806401694,0.8245441961565914,0.8909365204305127,0.57112120102712428291358852502656,0.67838295345997100094047758203885,0.68331529571320607687253351566736,1.4634532642156887,0.8221936864478589,0.8575795800876279
19,0x8ad599c3a0ff1de082011efddc58f1908eb6e6d8,25260623,202819,20,451.5680441105424452,3127.5996110055465417,0.9399853043984896,0.7115090156054945,0.8239444856589188,6918.6553926774242278,3196.8632680434585993,5330.2451284308370446,0.4620642432093032,0.7704163346641414,0.5165773654950523007775284272095,0.58464635335092623394889469460418,0.28265919344664065769829283639872,3.5378293831747463,0.82554579877622,0.7610054126256068
20,0x8ad599c3a0ff1de082011efddc58f1908eb6e6d8,25250623,202076,20,928.9101750197797117,5398.157766666173239,0.6558940167030594,0.0749452878245108,0.189071088141487,5233.4504728531199282,1154.9517810720967718,2697.0210695328456621,0.2206864834324976,0.5153428093994192,0.029977469841981640193586980182,0.06968312784465964331959521462168,0.11622729264599602088215911703454,8.6038311418454051,0.3170763941139753,0.5626984455271907
21,0x8ad599c3a0ff1de082011efddc58f1908eb6e6d8,25240623,201401,20,710.071635814406119,4178.725263397904173,0.7469238527338443,0.0424548504088827,0.1071045958551418,4854.5439899571914259,888.6072727593343205,2111.4360379397064273,0.1830464971782386,0.4349401390342176,0.05957416656699635761713204291093,0.10678378682102658861224386167151,0.09715409657877850934290707504327,10.2929267546545356,0.4239663657952663,0.5005669723669557
22,0x8ad599c3a0ff1de082011efddc58f1908eb6e6d8,25230623,200815,20,538.6469762662380123,2124.4147033360166397,0.7182252390318545,0.1541712798094349,0.2063082563948126,3246.4270980465067115,682.9114801152539076,1534.2371343188065234,0.2103578671229631,0.4725925110845744,0.04824935190340084805751271174797,0.09353414035399065733352677874065,0.10475259380950459071695540073251,9.5463029948311055,0.4092850945629035,0.5100875229386257
23,0x8ad599c3a0ff1de082011efddc58f1908eb6e6d8,25220623,200334,20,460.2896712818771789,1098.4126151412887379,0.7132201181169192,0.1164284301352178,0.155801693062887,1987.7970361782495388,483.5604209311948857,893.0406984717258539,0.2432644843162112,0.4492615102136842,0.04804591027217279339729948950258,0.09445158622034338381986834910502,0.10753086538875841766084309564063,9.2996554652906461,0.4493338628810371,0.5011889518661947
24,0x8ad599c3a0ff1de082011efddc58f1908eb6e6d8,25210623,200190,20,508.4910776529970061,928.9208091674069374,0.6609054729579168,0.1322754308447054,0.2035388681347352,1538.4583185712169696,403.2602432771323466,676.4133370009798515,0.2621197067279954,0.4396695892477427,0.0380301881974273907381760634401,0.08706623767237410513453891441248,0.11107669769850734518616251837346,9.0027883500306658,0.3923795646080809,0.4784850746406046
25,0x8ad599c3a0ff1de082011efddc58f1908eb6e6d8,25200623,200271,20,455.6466263267462541,830.7971608046775384,0.6985169890670975,0.1770740994563355,0.3161484349961122,1485.4314346864082578,379.7098021435312445,807.9823701332453106,0.255622570841644,0.5439378427479015,0.05696536357927136005773797919987,0.11675001013571282267886604784269,0.13414488738839979352723137604049,7.4546262587304181,0.471966237848178,0.5592345585152035
26,0x8ad599c3a0ff1de082011efddc58f1908eb6e6d8,25190623,200225,20,403.1956834236830256,807.0633093379936116,0.7008770895561471,0.1838410990967805,0.3282302490644282,1346.0785847743241361,344.7251669261547654,726.7991907618476101,0.2560958704977462,0.5399381573875188,0.06026660436170000057148449534349,0.1226854314828595119613899186859,0.13383360261496638669540319005427,7.4719650406255423,0.4840973300652775,0.5541386468275856
27,0x8ad599c3a0ff1de082011efddc58f1908eb6e6d8,25180623,199924,20,369.4642482378657092,821.2575574576586691,0.642483394904707,0.1313704563101362,0.2327103110497506,1098.8651848823640837,302.939335772150128,481.6197348725240226,0.2756838053838064,0.4382882827651715,0.0382113039870479155857367609085,0.09256952666824115646917835148313,0.1129554274504870647234818751813,8.853049583990468,0.4120057765911544,0.4450587354923359
28,0x8ad599c3a0ff1de082011efddc58f1908eb6e6d8,25170623,199805,20,347.15773911652916,727.6445440890792001,0.7443353431362948,0.0945407716654461,0.4194814562076948,1075.5452902167969559,262.6647840425449515,490.1303627485486275,0.2442154565054158,0.4557040667713336,0.10429053447563708941048499820772,0.18823813491789511677315061127349,0.10496075909551857088860045048278,9.5273701201985327,0.5774818921144834,0.4453689566469883
29,0x8ad599c3a0ff1de082011efddc58f1908eb6e6d8,25160623,199689,20,343.5773079576119048,640.5993422292646822,0.726399702991206,0.0933060773924886,0.4140030647955289,938.3933259623883876,224.6509262813138926,488.8687607567230365,0.2393995354249974,0.5209635951484989,0.09961185388266342626302824674612,0.18878161929457684683415027887352,0.12299457314878874772260011708587,8.13044002185594,0.5549055768131977,0.5066891556115443
30,0x8ad599c3a0ff1de082011efddc58f1908eb6e6d8,25150623,199708,20,308.0705639551931632,548.2040915813919177,0.7328603846878338,0.0794156008984971,0.436870246748667,816.2460016320211177,172.9427874454922901,423.0279822580325324,0.2118758157463638,0.5182604036187872,0.08508565256802859011750014014828,0.15842139806626760252987079847927,0.11298081198938502121061875545582,8.8510604800216325,0.5533121950555338,0.5177489028632985
