metric,snapshot_count,observation_count,mean,min,max
zero_for_one_base_auc_bps,30,600,470.9203937794180211,373.0636458364923309,532.5094854994433575
one_for_zero_base_auc_bps,30,600,1342.2780397463189018,508.158156991135548,2756.0323973466804982
topk_active_share_sum,30,600,0.8146268570209234,0.7417333253524391,0.8743976703051869
top1_active_share,30,600,0.0319662121873407,0.0119630156281305,0.0965466182362668
top3_active_share,30,600,0.1849213583518851,0.1051095051227403,0.2406221162129506
sum_total_lsis_bps,30,600,2814.9871988521913832,711.6298510645624963,5122.6580841204637403
top1_total_lsis_bps,30,600,544.1622618665935082,119.0464877189984761,1268.9484703026772137
top3_total_lsis_bps,30,600,1217.3403400188424947,268.9844300577581568,2487.8359702605090887
top1_lsis_share,30,600,0.1807682058628274,0.1405241480844531,0.2477128962083656
top3_lsis_share,30,600,0.4181400700174001,0.3669230656253404,0.4856533325877163
active_hhi_normalized_topk,30,600,0.0823391430138802,0.06835373947783698185712876345381,0.25483431271436911750858275163879
total_lsis_hhi_topk,30,600,0.0925470835864278,0.07818700122131575946779308719314,0.11633416108732657622287908364452
effective_lsis_positions_topk,30,600,10.9378387923802908,8.5959273755311399,12.7898497752766433
active_share_gini_topk,30,600,0.3922490276993767,0.3382233762720103,0.616238979890055
total_lsis_gini_topk,30,600,0.4628929869501488,0.3998235544278512,0.5213397793072577
