metric,target,count,pearson,spearman
active_liquidity_share,max_directional_lsis_bps,600,0.136889,0.314723
distance_to_lower_tick,max_directional_lsis_bps,600,0.520063,0.147725
distance_to_nearest_edge,max_directional_lsis_bps,600,0.522394,0.560688
distance_to_upper_tick,max_directional_lsis_bps,600,0.522966,0.634954
normalized_liquidity_density,max_directional_lsis_bps,600,-0.071068,-0.032405
range_width,max_directional_lsis_bps,600,0.521093,0.279251
active_liquidity_share,one_for_zero_lsis_bps,600,0.127437,0.290448
distance_to_lower_tick,one_for_zero_lsis_bps,600,0.519557,0.145203
distance_to_nearest_edge,one_for_zero_lsis_bps,600,0.521918,0.581189
distance_to_upper_tick,one_for_zero_lsis_bps,600,0.522496,0.653795
normalized_liquidity_density,one_for_zero_lsis_bps,600,-0.078716,-0.048545
range_width,one_for_zero_lsis_bps,600,0.520600,0.283435
active_liquidity_share,total_lsis_bps,600,0.187549,0.378176
distance_to_lower_tick,total_lsis_bps,600,0.501606,0.134153
distance_to_nearest_edge,total_lsis_bps,600,0.504045,0.539740
distance_to_upper_tick,total_lsis_bps,600,0.504595,0.595941
normalized_liquidity_density,total_lsis_bps,600,-0.057160,0.016406
range_width,total_lsis_bps,600,0.502665,0.257234
active_liquidity_share,zero_for_one_lsis_bps,600,0.837767,0.852951
distance_to_lower_tick,zero_for_one_lsis_bps,600,-0.154696,-0.169038
distance_to_nearest_edge,zero_for_one_lsis_bps,600,-0.153220,-0.108229
distance_to_upper_tick,zero_for_one_lsis_bps,600,-0.153518,-0.269961
normalized_liquidity_density,zero_for_one_lsis_bps,600,0.279117,0.570281
range_width,zero_for_one_lsis_bps,600,-0.154288,-0.221732
