snapshot_index,pool_address,block_number,current_tick,active_liquidity,position_count,zero_for_one_base_auc_bps,one_for_zero_base_auc_bps,top_position_label,top_tick_lower,top_tick_upper,top_active_liquidity_share,top_zero_for_one_lsis_bps,top_one_for_zero_lsis_bps,top_total_lsis_bps,top_max_directional_lsis_bps,sum_total_lsis_bps
1,0xcbcdf9626bc03e24f779434178a73a0b4bad62ed,25539170,265489,29091721244315257,20,442.528561358627209,508.158156991135548,P1,263700,267360,0.0965466182362668,41.9516656255891782,77.0948220934092979,119.0464877189984761,77.0948220934092979,711.6298510645624963
2,0xcbcdf9626bc03e24f779434178a73a0b4bad62ed,25529170,265832,30285596645824830,20,462.8803590486661232,545.4635426992963913,P1,263700,267360,0.0927406957722263,45.5602887377194576,98.7322520414943758,144.2925407792138334,98.7322520414943758,936.8274155158933169
3,0xcbcdf9626bc03e24f779434178a73a0b4bad62ed,25519170,265899,31884642675748575,20,461.2524533379803022,558.1903290096071935,P1,263700,267360,0.088089659130698,45.5887924094659831,103.359107625918571,148.9479000353845541,103.359107625918571,1039.9804418991878129
4,0xcbcdf9626bc03e24f779434178a73a0b4bad62ed,25509170,266016,36606298107242182,20,440.3042257347283721,635.7246729521729703,P1,264060,269880,0.0418247781516675,22.3035603484945301,175.4128193814339222,197.7163797299284523,175.4128193814339222,1337.1875383615953877
5,0xcbcdf9626bc03e24f779434178a73a0b4bad62ed,25499170,266122,35540227597876013,20,428.373119662501423,760.0167202861233043,P1,264060,269880,0.0430793610725416,21.2304341661026856,253.6193677439535404,274.849801910056226,253.6193677439535404,1820.5796238751131846
6,0xcbcdf9626bc03e24f779434178a73a0b4bad62ed,25489170,266056,37084130213133588,20,435.1102862638238922,677.2970870723265175,P1,264060,269880,0.0412858624023216,21.9162187375547447,205.1011257709433577,227.0173445084981024,205.1011257709433577,1545.3075979389164245
7,0xcbcdf9626bc03e24f779434178a73a0b4bad62ed,25479170,266017,36889381757457302,20,436.1892553918294367,630.7472234725020261,P1,264060,269880,0.0415038210007329,21.8619475571966966,172.9492864590604307,194.8112340162571273,172.9492864590604307,1334.8058372633315614
8,0xcbcdf9626bc03e24f779434178a73a0b4bad62ed,25469170,265905,32080171386319343,20,453.1054497034692444,549.8587014346390657,P1,263700,267360,0.0875527524771447,43.9038956655010102,101.1698663459027458,145.073762011403756,101.1698663459027458,1032.3760292374548952
9,0xcbcdf9626bc03e24f779434178a73a0b4bad62ed,25459170,265989,37316518004399151,20,439.967929590149335,603.4131542907628146,P1,264060,269880,0.0410287556065311,22.0959414727421304,151.3144819952707574,173.4104234680128878,151.3144819952707574,1220.6421862365594586
10,0xcbcdf9626bc03e24f779434178a73a0b4bad62ed,25449170,266104,34897508319886429,20,439.7156615286439849,688.3047395824590831,P1,264060,269880,0.0438727683150013,21.9574625119413235,211.895472783072274,233.8529352950135975,211.895472783072274,1542.1956069196617492
11,0xcbcdf9626bc03e24f779434178a73a0b4bad62ed,25439170,266407,32920208663084294,20,430.8405076485817486,1253.1590559452028628,P1,-887220,887220,0.0136666414616419,5.7008760326284735,497.8392225295620872,503.5400985621905607,497.8392225295620872,2866.9704693829383021
12,0xcbcdf9626bc03e24f779434178a73a0b4bad62ed,25429170,266491,26420700985293476,20,474.8191237436472298,1568.3479696750147779,P1,-887220,887220,0.0170286431420288,6.455520110439564,653.2176977671990732,659.6732178776386372,653.2176977671990732,3472.7858510215296677
13,0xcbcdf9626bc03e24f779434178a73a0b4bad62ed,25419170,266623,26210803270100610,20,490.9623074886954936,1936.3305332851908231,P1,-887220,887220,0.0171650095574917,6.6967682766607024,838.2942083490773474,844.9909766257380498,838.2942083490773474,3896.941283592506984
14,0xcbcdf9626bc03e24f779434178a73a0b4bad62ed,25409170,266654,25525624167229924,20,494.7998020962082131,2033.8818234636884588,P1,-887220,887220,0.0176257663943203,6.7657111631237363,886.8467128531167477,893.612424016240484,886.8467128531167477,4107.3065088893614255
15,0xcbcdf9626bc03e24f779434178a73a0b4bad62ed,25399170,266789,24798303634526799,20,513.4523544511991477,2509.7792376388618147,P1,-887220,887220,0.0181427203760181,7.1374563524299553,1126.7087643411593282,1133.8462206935892835,1126.7087643411593282,4855.1745752187313569
16,0xcbcdf9626bc03e24f779434178a73a0b4bad62ed,25389170,266633,26117522173067359,20,492.5478477785388684,1981.024905818478546,P1,-887220,887220,0.0172263159445027,6.7222502737459204,859.7414089319211535,866.4636592056670739,859.7414089319211535,3954.9228349724423322
17,0xcbcdf9626bc03e24f779434178a73a0b4bad62ed,25379170,266587,26117215269935847,20,487.0885776783271441,1840.2385661602268976,P1,-887220,887220,0.0172265183707665,6.6247764854712764,789.6758911319636617,796.3006676174349381,789.6758911319636617,3800.654525796423522
18,0xcbcdf9626bc03e24f779434178a73a0b4bad62ed,25369170,266398,27415778207847700,20,484.6186361601508542,1245.4397407543405155,P1,-887220,887220,0.016410575152378,6.8266996156947143,479.2422006763170295,486.0689002920117438,479.2422006763170295,2855.5246309066217697
19,0xcbcdf9626bc03e24f779434178a73a0b4bad62ed,25359170,266334,27470804709533147,20,479.9274930226678388,1125.5080154835728375,P1,-887220,887220,0.0163777032889277,6.7583274277186663,407.9700976508687493,414.7284250785874156,407.9700976508687493,2675.4897174612366922
20,0xcbcdf9626bc03e24f779434178a73a0b4bad62ed,25349170,266371,27967636289014512,20,475.1759834637569019,1139.8143180576202337,P1,-887220,887220,0.0160867612833457,6.6096991657278972,420.6166188790144978,427.226318044742395,420.6166188790144978,2592.6441111556526302
21,0xcbcdf9626bc03e24f779434178a73a0b4bad62ed,25339170,266372,27831543480543853,20,476.6648020616287379,1147.2465599701097784,P1,-887220,887220,0.016165423558177,6.6403955007907689,424.3766272959030916,431.0170227966938605,424.3766272959030916,2607.1767663122816466
22,0xcbcdf9626bc03e24f779434178a73a0b4bad62ed,25329170,266413,26766742305847431,20,509.4482603537849044,1194.4160796648900397,P1,-887220,887220,0.0168874275014831,7.350468596775313,450.1359634291670152,457.4864320259423282,450.1359634291670152,2775.6107547745565615
23,0xcbcdf9626bc03e24f779434178a73a0b4bad62ed,25319170,266639,26318482210540015,20,530.6165897604920973,1758.5030142165017984,P1,-887220,887220,0.0171750565448586,7.8524384599466645,750.82277399540132,758.6752124553479845,750.82277399540132,3729.7224662819432751
24,0xcbcdf9626bc03e24f779434178a73a0b4bad62ed,25309170,266670,22423120729859236,20,532.5094854994433575,1857.9048419221735484,P1,-887220,887220,0.0201587203488119,7.8506992172737312,799.4382444614217452,807.2889436786954764,799.4382444614217452,3960.9065833132439026
25,0xcbcdf9626bc03e24f779434178a73a0b4bad62ed,25299170,266633,26405760656779319,20,515.954712910234625,1801.9637729182186216,P1,-887220,887220,0.01711828816508,7.3431711894449046,771.7857547697444298,779.1289259591893344,771.7857547697444298,3784.2435620670333167
26,0xcbcdf9626bc03e24f779434178a73a0b4bad62ed,25289170,266611,26396033905835709,20,512.7736860528327042,1837.2219217674058266,P1,-887220,887220,0.0171245961326389,7.2359331272823927,782.7521408937529758,789.9880740210353685,782.7521408937529758,3891.4442452142524202
27,0xcbcdf9626bc03e24f779434178a73a0b4bad62ed,25279170,266515,25756277218117102,20,519.1310593945315419,1722.8493742726991333,P1,-887220,887220,0.0175499516608295,7.5426828943260164,725.1248647369592203,732.6675476312852367,725.1248647369592203,3756.6128867390718739
28,0xcbcdf9626bc03e24f779434178a73a0b4bad62ed,25269170,266473,25752714394230249,20,385.947804902714027,1609.1259157159320584,P1,-887220,887220,0.0175523796529252,4.8077708684702605,667.3939171747393844,672.2016880432096449,667.3939171747393844,3496.8889616620221229
29,0xcbcdf9626bc03e24f779434178a73a0b4bad62ed,25259170,266873,19817001049391969,20,507.8418314581935438,2756.0323973466804982,P1,-887220,887220,0.0228097792907343,6.6102866983052041,1262.3381836043720096,1268.9484703026772137,1262.3381836043720096,5122.6580841204637403
30,0xcbcdf9626bc03e24f779434178a73a0b4bad62ed,25249170,266432,37784905929402323,20,373.0636458364923309,1792.378820521733069,P1,-887220,887220,0.0119630156281305,4.3896568940904414,737.6061647030307608,741.9958215971212022,737.6061647030307608,3724.4050183711516664
